Timestamp,1. სად ნახეთ ეს გამოკითხვა?,2. სქესი,3. ასაკი,4. სამუშაო გამოცდილება IT სფეროში,5. რომელ კატეგორიას მიეკუთვნებით ყველაზე მეტად?,6. რომელ პროგრამირების ენას იყენებთ ძირითადად?,7. რომელ framework-ს იყენებთ ძირითადად,8. რას იყენებთ source control-ისთვის?,9. გყავთ თუ არა ტესტერები?,10. რას იყენებთ continuous integration-ისთვის?,11. თქვენი Stackoverflow-ს რეიტინგი,12. Max რამდენი star აქვს თქვენს ყველაზე პოპულარულ პროექტს github-ზე,13. დასაქმების ტიპი,14. სამუშაოს ტიპი,15. ძირითადი დამსაქმებელი ორგანიზაცის საქმიანობის სფერო ,16. ქვეყანა სადაც ფიზიკურად იმყოფებით,17. საშუალოდ რამდენ საათს მუშაობთ თვეში (და არა კვირაში!) ?,18. საშუალო თვიური შემოსავალი ხელზე ლარებში ბოლო 1 წლის მანძილზე ,ეროვნული გამოცდების ქულა უნარებში ,თქვენი GPA უნივერსიტეტში (თუ სწავლობთ ან დამთავრებული გაქვთ),"19. ღია კითხვა -  თქვენი აზრით რა უნდა გაკეთდეს იმისთვის, რომ საქართველომ მიაღწიოს  პროგრესს ინფორმაციული ტექნოლოგიების კუთხით?    ",უმაღლესი განათლების დონე,"ქვეყანა, საიდანაც ყველაზე მეტი შემოსავალი გაქვთ მიღებული  ბოლო ერთი წლის მანძილზე",სამუშაო ენა
9/24/2019 22:48:04,"ჯგუფ - ""Remote Work - Georgian Community"" -ში",მამრობითი,21-24,2-4 წელი,Full Stack Developer,Javascript,Vue,Git,კი,Gitlab CI,100-200,10-20,Full Time,Office,,საქართველო,100-160,5k-6k,70-80 %,2.5-3,,,,
9/24/2019 22:51:16,"ჯგუფ - ""Georgian Web & Mobile Development Industry"" -ში",მამრობითი,21-24,4-6 წელი,Back End Developer,C#,.Net Core,Git,კი,Jenkins,400-700,0-10,Full Time,Remote and office,ინფორმაციული ტექნოლოგიები,საქართველო,100-160,5k-6k,60-70 %,1.5-2,,,,
9/24/2019 22:51:43,"ჯგუფ - ""Remote Work - Georgian Community"" -ში",მამრობითი,18-21,4-6 წელი,Full Stack Developer,Javascript,Angular,Git,არა,Jenkins,10-100,0-10,Full time,Remote,ინფორმაციული ტექნოლოგიები,საქართველო,160-200,2k-3k,50-60 %,0-0.5,I dunno ¯\_(ツ)_/¯,,,
9/24/2019 22:52:53,"ჯგუფ - ""Remote Work - Georgian Community"" -ში",მამრობითი,21-24,4-6 წელი,UX Research,Javascript,,Abstract,კი,,10-100,0-10,Full Time,Remote and office,ინფორმაციული ტექნოლოგიები,საქართველო,240-300,1000-1500,80-90 %,3.5-3.7,,,,
9/24/2019 22:53:29,"ჯგუფ - ""Remote Work - Georgian Community"" -ში",მდედრობითი,21-24,4-6 წელი,Full Stack Developer,Typescript,express,Git,კი,Jenkins,10-100,0-10,Both (Full time + Part Time),Remote and office,გემბლინგი,საქართველო,100-160,4k-5k,90 - 100 %,3.5-3.7,,,,
9/24/2019 22:54:31,"ჯგუფ - ""Remote Work - Georgian Community"" -ში",მამრობითი,24-27,4-6 წელი,Front End Developer,Typescript,React,Git,არა,AWS CodePipeline,0-10,0-10,Part Time,Remote,ინფორმაციული ტექნოლოგიები,საქართველო,40-100,10k-15k,80-90 %,3-3.5,ინფორმაციის და გამოცდილების გაზიარება,,,
9/24/2019 22:55:59,"ჯგუფ - ""Remote Work - Georgian Community"" -ში",მამრობითი,21-24,1-2 წელი,Data Scientist,Python,Django,Git,არა,არ ვიყენებთ,0-10,0-10,Full Time,Office,ინფორმაციული ტექნოლოგიები,საქართველო,160-200,500-1000,80-90 %,3.9-3.99,"სფეროს პოპულარიზაციას ჩვენ უნდა შევუწყოთ ხელი, მხოლოდ მთავრობის იმედის ქონა შედეგს ვერ მოიტანს.",,,
9/24/2019 22:56:09,"ჯგუფ - ""Remote Work - Georgian Community"" -ში",მამრობითი,21-24,2-4 წელი,Front End Developer,Javascript,D3,Git,არა,არ ვიყენებთ,0-10,0-10,Full time,Remote,ინფორმაციული ტექნოლოგიები,საქართველო,160-240,2k-3k,80-90 %,1.5-2,მეტი სამუშაო ადგილები დამწყები კადრებისთვის,,,
9/24/2019 22:57:49,"ჯგუფ - ""Remote Work - Georgian Community"" -ში",მამრობითი,18-21,2-4 წელი,Full Stack Developer,Php,,Git,არა,არ ვიყენებთ,0-10,0-10,Part Time,Remote and office,ინფორმაციული ტექნოლოგიები,საქართველო,100-160,10k-15k,90 - 100 %,2.5-3,"პროგრამისტების დაფასება უნდა იყოს , მეტი მაღალი დონის სასწავლებლები ამ სფეროში.",,,
9/24/2019 22:57:50,"ჯგუფ - ""Remote Work - Georgian Community"" -ში",მამრობითი,27-30,9-12 წელი,Back End Developer,Php,Laravel,Git,არა,არ ვიყენებთ,0-10,0-10,Part Time,Remote,ინფორმაციული ტექნოლოგიები,საქართველო,160-200,5k-6k,,,,,,
9/24/2019 22:59:33,"ჯგუფ - ""Remote Work - Georgian Community"" -ში",მამრობითი,24-27,2-4 წელი,Back End Developer,SQL,,არ ვიყენებთ,კი,არ ვიყენებთ,0-10,0-10,Full Time,Office,გემბლინგი,საქართველო,160-240,4k-5k,70-80 %,,,,,
9/24/2019 23:02:06,"ჯგუფ - ""Remote Work - Georgian Community"" -ში",მამრობითი,24-27,2-4 წელი,Full Stack Developer,C#,.Net Core,Git,კი,Teamcity,0-10,0-10,Full Time,Office,გემბლინგი,საქართველო,100-160,5k-6k,80-90 %,0-0.5,სკოლებშინისწავლებოდეს პროგრამირება,,,
9/24/2019 23:04:44,"ჯგუფ - ""Remote Work - Georgian Community"" -ში",მამრობითი,18-21,1-2 წელი,Mobile Apps Developer,Javascript,React,Git,არა,არ ვიყენებთ,200-400,0-10,Full Time,Office,ინფორმაციული ტექნოლოგიები,საქართველო,0-40,1000-1500,70-80 %,1.5-2,"უნივერსიტეტებში უნდა შეიცვალოს სწავლის სისტემა, ასევე სკოლიდანვე უნდა დაიწყონ ბავშვების დაინტერესება.",,,
9/24/2019 23:09:02,"ჯგუფ - ""Remote Work - Georgian Community"" -ში",მამრობითი,24-27,2-4 წელი,Full Stack Developer,Javascript,express,Git,არა,Github,100-200,0-10,Both (Full time + Part Time),Remote and office,Automotive industry,საქართველო,160-240,5k-6k,90 - 100 %,3-3.5,დეველოპერების ორგანიზება უნდა მოხდეს და სინერჯის ეფექტის გამოყენება,,,
9/24/2019 23:11:43,"ჯგუფ - ""Remote Work - Georgian Community"" -ში",მამრობითი,24-27,6-9 წელი,Back End Developer,Java,Spring,Git,კი,Jenkins,400-700,0-10,არ ვარ დასაქმებული,Office,ინფორმაციული ტექნოლოგიები,ესტონეთი,160-200,10k-15k,80-90 %,1-1.5,,,,
9/24/2019 23:13:39,"ჯგუფ - ""Remote Work - Georgian Community"" -ში",მამრობითი,27-30,4-6 წელი,Back End Developer,C#,.Net,TFS,არა,არ ვიყენებთ,0-10,,Full Time,Office,ინფორმაციული ტექნოლოგიები,საქართველო,100-160,2k-3k,80-90 %,,,,,
9/24/2019 23:14:18,"ჯგუფ - ""Remote Work - Georgian Community"" -ში",მამრობითი,21-24,1-2 წელი,Full Stack Developer,Php,Laravel,Git,არა,არ ვიყენებთ,1000-2000,0-10,Both (Full time + Part Time),Remote and office,ფინანსები,საქართველო,160-200,3k-4k,80-90 %,1.5-2,,,,
9/24/2019 23:14:43,"ჯგუფ - ""Remote Work - Georgian Community"" -ში",მამრობითი,24-27,2-4 წელი,Business Analyst,Python,Flask,Git,არა,არ ვიყენებთ,100-200,,Full Time,Remote and office,Retail,საქართველო,100-160,2k-3k,80-90 %,2-2.5,ბევრი ხარისხიანი კურსი და უაზრო ფულის მახე კურსები არ უნდა არსებობდეს. ასევე უნივერსიტეტებში და სკოლებში პრაქტიკული კურსები უნდა იყოს მეტი და ნაკლები თეორიული.,,,
9/24/2019 23:20:07,"ჯგუფ - ""Remote Work - Georgian Community"" -ში",მამრობითი,21-24,1-2 წელი,Back End Developer,C#,.Net Core,Git,არა,არ ვიყენებთ,10-100,0-10,არ ვარ დასაქმებული,Remote,ინფორმაციული ტექნოლოგიები,საქართველო,160-200,500-1000,60-70 %,1.5-2,"რთული იქნება თუმცა უარი უნდა ვუთხრათ პროკრასტინაციას და სიაზარმაცეს, ასევე სტარტაპებს ჭირდებათ უფრო მეტად მხარდაჭერა ბიზნეს სექტორისგან, ცხადია სხვა დეტალებიცაა...",,,
9/24/2019 23:26:51,"ჯგუფ - ""Remote Work - Georgian Community"" -ში",მამრობითი,24-27,2-4 წელი,Support Specialist,C#,.Net,არ ვიყენებთ,არა,არ ვიყენებთ,0-10,0-10,Part Time,Office,ინფორმაციული ტექნოლოგიები,საქართველო,0-40,500-1000,30-40 %,3.8-3.9,,,,
9/24/2019 23:31:04,"ჯგუფ - ""Remote Work - Georgian Community"" -ში",მამრობითი,18-21,0-1 წელი,Back End Developer,C#,.Net Core,Git,არა,არ ვიყენებთ,0-10,0-10,Part Time,Office,ინფორმაციული ტექნოლოგიები,საქართველო,0-40,300-500,80-90 %,1.5-2,"ალბათ ყველა კომპანიამ უნდა აიღოს პასუხისმგებლობა და ყოველწლიურად მიიღონ სტაჟიორები ან თუნდაც ჯუნიორები. ახალზგაზრდებს მიეცემათ მეტი სტიმული და თავდაჯერება იმისა, რომ ამ სფეროში დაუსაქმებლები არ დარჩებიან",,,
9/24/2019 23:38:13,"ჯგუფ - ""Georgian Web & Mobile Development Industry"" -ში",მამრობითი,21-24,2-4 წელი,System Administrator,Javascript,React,Git,არა,circleci,,0-10,Both (Full time + Part Time),Remote and office,ინფორმაციული ტექნოლოგიები,საქართველო,160-240,2k-3k,90 - 100 %,3.5-3.7,მეტი გამოცდილების გაზიარებაა საჭირო გამოცდილი ხალხისგან,,,
9/24/2019 23:38:45,"ჯგუფ - ""Georgian Web & Mobile Development Industry"" -ში",მამრობითი,27-30,4-6 წელი,QA Engineer,Typescript,Protractor,Git,კი,Jenkins,,,Full Time,Office,ინფორმაციული ტექნოლოგიები,საქართველო,40-100,2k-3k,80-90 %,3.9-3.99,Yep,,,
9/24/2019 23:50:32,"ჯგუფ - ""Remote Work - Georgian Community"" -ში",მამრობითი,27-30,6-9 წელი,Full Stack Developer,Javascript,React,Git,არა,Bitrise,200-400,,Freelancer,Remote,,საქართველო,160-200,10k-15k,80-90 %,,,,,
9/24/2019 23:53:07,"ჯგუფ - ""Remote Work - Georgian Community"" -ში",მამრობითი,27-30,4-6 წელი,Front End Developer,Javascript,Angular,Git,არა,არ ვიყენებთ,700-1000,20-50,Full Time,Remote,სამედიცინო სფერო,საქართველო,100-160,10k-15k,90 - 100 %,3.9-3.99,სკოლიდანვე უნდა დაიწყოს პოპულარიზაცია და ბავშვებს უნდა განუვითარონ online research-ის უნარები,,,
9/24/2019 23:56:41,"ჯგუფ - ""Remote Work - Georgian Community"" -ში",მამრობითი,30-35,6-9 წელი,Full Stack Developer,C#,.Net Core,TFS,კი,Octopus Deploy,,,Full Time,Remote,სადაზღვევო სფერო,საქართველო,100-160,10k-15k,80-90 %,,,,,
9/24/2019 23:57:25,"ჯგუფ - ""Remote Work - Georgian Community"" -ში",მამრობითი,21-24,4-6 წელი,Full Stack Developer,Typescript,Angular,Git,კი,Teamcity,0-10,0-10,Full Time,Office,ფინანსები,საქართველო,40-100,2k-3k,70-80 %,1-1.5,"სკოლიდნავე უნდა ისწავლებოდეს საფუძვლები, რომ უფრო მეტმა ახალგაზრდამ გაიგოს ამ სფეროს შესახებ.",,,
9/25/2019 0:00:27,"ჯგუფ - ""Remote Work - Georgian Community"" -ში",მამრობითი,27-30,1-2 წელი,Mobile Apps Developer,Typescript,React,Git,კი,Bitbucket Pipelines,100-200,0-10,Full Time,Remote,ინფორმაციული ტექნოლოგიები,საქართველო,100-160,7k-10k,80-90 %,,"  გამარტივებული გადასახადები და ბიუროკრატია რო უცხოელები დაინტერესდნენ, ზოგადად სფეროს რეკლამა რომ ქართველები სწავლით დაინტერესდნენ.",,,
9/25/2019 0:01:48,"ჯგუფ - ""Georgian Web & Mobile Development Industry"" -ში",მამრობითი,21-24,1-2 წელი,Front End Developer,Javascript,Angular,Git,კი,არ ვიყენებთ,0-10,0-10,Full Time,Office,ინფორმაციული ტექნოლოგიები,საქართველო,100-160,1500-2000,60-70 %,1-1.5,,,,
9/25/2019 0:11:12,"ჯგუფ - ""Remote Work - Georgian Community"" -ში",მამრობითი,21-24,4-6 წელი,Front End Developer,Javascript,React,Git,არა,circleci,700-1000,20-50,Full Time,Remote,ecommerce,საქართველო,100-160,20k-30k,80-90 %,3-3.5,მეტი ხალხი რემოუთად!,,,
9/25/2019 0:13:38,"ჯგუფ - ""Remote Work - Georgian Community"" -ში",მამრობითი,21-24,2-4 წელი,Mobile Apps Developer,C#,.Net Core,Git,არა,არ ვიყენებთ,200-400,0-10,Full Time,Remote and office,ინფორმაციული ტექნოლოგიები,საქართველო,160-200,,90 - 100 %,4,,,,
9/25/2019 0:16:28,"ჯგუფ - ""Georgian Web & Mobile Development Industry"" -ში",მამრობითი,27-30,6-9 წელი,Front End Developer,Javascript,React,Git,კი,Circleci,2000-5000,0-10,Full Time,Remote,ინფორმაციული ტექნოლოგიები,საქართველო,160-200,10k-15k,80-90 %,2-2.5,,,,
9/25/2019 0:20:20,"ჯგუფ - ""Georgian Web & Mobile Development Industry"" -ში",მამრობითი,18-21,0-1 წელი,Mobile Apps Developer,Kotlin,Android Jetpack,Git,კი,არ ვიყენებთ,0-10,0-10,Full Time,Office,ecommerce,საქართველო,240-300,500-1000,30-40 %,,"მეტი პროფესიონალი, მეტი კოლეჯი ან თუნდაც უფასო გაკვეთილები, უნდა დააინტერესოთ ადამიანები, მეტი გამოსვლები და ა.შ",,,
9/25/2019 0:20:49,"ჯგუფ - ""Georgian Web & Mobile Development Industry"" -ში",მამრობითი,24-27,6-9 წელი,System Administrator,Php,.Net,არ ვიყენებთ,არა,არ ვიყენებთ,0-10,0-10,Full Time,Remote and office,დაცვის სერვისი,საქართველო,400+,1000-1500,70-80 %,0-0.5,"მეტი ტექნოლოგია გამოიწვევს მეტ დაინტერესებას, მეტი დაინტერესებით მიიღწევა პროგრესი",,,
9/25/2019 0:23:48,"ჯგუფ - ""Remote Work - Georgian Community"" -ში",მამრობითი,30-35,6-9 წელი,Network Administrator,,,,,არ ვიყენებთ,,,Full Time,Office,ტელეკომუნიკაციები,საქართველო,100-160,2k-3k,,,,,,
9/25/2019 0:27:33,"ჯგუფ - ""Remote Work - Georgian Community"" -ში",მამრობითი,21-24,1-2 წელი,Mobile Apps Developer,swift,UIKit,Git,არა,არ ვიყენებთ,10-100,10-20,Full Time,Office,ინფორმაციული ტექნოლოგიები,საქართველო,40-100,1500-2000,80-90 %,1.5-2,,,,
9/25/2019 0:37:14,მეგობრისგან,მამრობითი,21-24,4-6 წელი,Full Stack Developer,Javascript,React,Git,კი,Travis,10-100,0-10,Full Time,Remote,ფინანსები,საქართველო,160-200,4k-5k,40-50 %,1-1.5,კორკოტა გვიშველის,,,
9/25/2019 0:52:10,"ჯგუფ - ""Georgian Web & Mobile Development Industry"" -ში",მდედრობითი,30-35,9-12 წელი,Full Stack Developer,Php,Laravel,Git,არა,არ ვიყენებთ,,,Full Time,Office,ინფორმაციული ტექნოლოგიები,საქართველო,400+,1500-2000,,,,,,
9/25/2019 1:02:48,discord,მამრობითი,24-27,9-12 წელი,Full Stack Developer,Javascript,Angular,Git,კი,Azure,700-1000,0-10,Full Time,Remote and office,ფინანსები,ჰოლანდია,100-160,10k-15k,60-70 %,0-0.5,"უცხოეთთან შედარებით რასაც ვუყურებ პროგრესი ბევრად მეტი არის, მაგრამ მე პირადად პრობლემას მენეჯმენტში ვხედავ და ბევრად ცოტა ხელფასში.",,,
9/25/2019 1:04:05,"ჯგუფ - ""Remote Work - Georgian Community"" -ში",მამრობითი,24-27,4-6 წელი,Full Stack Developer,Javascript,Node.js,Git,კი,არ ვიყენებთ,0-10,,Full Time,Office,ინფორმაციული ტექნოლოგიები,საქართველო,100-160,2k-3k,90 - 100 %,,,,,
9/25/2019 1:17:39,"ჯგუფ - ""Remote Work - Georgian Community"" -ში",მამრობითი,24-27,4-6 წელი,Full Stack Developer,Javascript,Spring,Git,არა,circleci,0-10,0-10,Full Time,Remote and office,ინფორმაციული ტექნოლოგიები,საქართველო,160-200,10k-15k,80-90 %,3.5-3.7,,,,
9/25/2019 1:34:13,"ჯგუფ - ""Georgian Web & Mobile Development Industry"" -ში",მამრობითი,15-18,0-1 წელი,Front End Developer,Javascript,Vue,Git,არა,არ ვიყენებთ,0-10,0-10,Part Time,Remote and office,უძრავი ქონება,საქართველო,40-100,300-500,,,,,,
9/25/2019 2:46:09,"ჯგუფ - ""Remote Work - Georgian Community"" -ში",მამრობითი,30-35,6-9 წელი,Back End Developer,C++,,Git,არა,,0-10,0-10,Part Time,Remote and office,ინფორმაციული ტექნოლოგიები,საქართველო,40-100,300-500,90 - 100 %,3.5-3.7,უკეთესი განათლება,,,
9/25/2019 3:07:22,"ჯგუფ - ""Remote Work - Georgian Community"" -ში",მდედრობითი,30-35,4-6 წელი,Full Stack Developer,Javascript,Vue,Git,კი,Travis,10-100,0-10,Full Time,Remote,ინფორმაციული ტექნოლოგიები,საქართველო,0-40,2k-3k,,2-2.5,,,,
9/25/2019 4:51:41,"ჯგუფ - ""Remote Work - Georgian Community"" -ში",მამრობითი,21-24,2-4 წელი,Full Stack Developer,C#,.Net Core,Git,არა,Teamcity,0-10,0-10,არ ვარ დასაქმებული,,ინფორმაციული ტექნოლოგიები,საქართველო,100-160,4k-5k,90 - 100 %,1.5-2,,,,
9/25/2019 7:06:14,"ჯგუფ - ""Remote Work - Georgian Community"" -ში",მამრობითი,45-50,25+,Full Stack Developer,C#,.Net Core,Git,არა,არ ვიყენებთ,0-10,0-10,Freelancer,Office,,საქართველო,,1000-1500,,,გადასახადების გაუქმება და სახელმწიფოსგან ჩარევის მთლიანად გაუქმება.,,,
9/25/2019 7:17:38,"ჯგუფ - ""unihack""-ში",მამრობითი,24-27,4-6 წელი,Full Stack Developer,C#,.Net Core,Git,კი,,200-400,0-10,Full Time,Remote and office,,საქართველო,160-240,4k-5k,70-80 %,,,,,
9/25/2019 8:15:58,"ჯგუფ - ""Remote Work - Georgian Community"" -ში",მამრობითი,27-30,1-2 წელი,Support Specialist,,,,არა,არ ვიყენებთ,10-100,0-10,Part Time,Remote,Analysis,საქართველო,0-40,300-500,60-70 %,3-3.5,"მოცემულ სფეროში მომუშავე კომპანიებს ხანგრძლივი საინკუბაციო პერიოდი უნდა ჰქონდეთ, (დაბალი გადასახადები, გამარტივებული შრომის კოდექსი, უცხოელებზე ვინც მანდ იმუშავებს გამარტივებული რეზიდენტის მიღება, გამარტივებული იმპორტი ელექტრო ტექნიკის შემომტანებისათვის და გამარტივებული საკანონმდებლო ბაზა ადგილზე მწარმოებლებისათვის, აქაც შრომის კოდექსი და გადასახადები და  10 წელიწადში ევროპის ბაზარი ჩვენინლ იქნება) ",,,
9/25/2019 8:16:42,"ჯგუფ - ""Georgian Web & Mobile Development Industry"" -ში",მამრობითი,27-30,6-9 წელი,Full Stack Developer,Javascript,Angular,Git,კი,არ ვიყენებთ,,,Both (Full time + Part Time),Remote and office,ინფორმაციული ტექნოლოგიები,საქართველო,160-240,6k-7k,90 - 100 %,2.5-3,მოხდეს აუთსორსინგის პოპულარიზაცია,,,
9/25/2019 8:39:07,"ჯგუფ - ""Georgian Web & Mobile Development Industry"" -ში",მამრობითი,24-27,2-4 წელი,Full Stack Developer,C#,.Net Core,Git,არა,არ ვიყენებთ,10-100,0-10,Both (Full time + Part Time),Remote and office,ფინანსები,საქართველო,240-300,2k-3k,90 - 100 %,3.8-3.9,,,,
9/25/2019 9:27:32,"ჯგუფ - ""Remote Work - Georgian Community"" -ში",მამრობითი,50+,12-15 წელი,Full Stack Developer,Php,Laravel,არ ვიყენებთ,არა,არ ვიყენებთ,1000-2000,,Full Time,Office,ენერგეტიკა,საქართველო,160-200,1500-2000,80-90 %,3-3.5,სკოლაში უნდა არსებობდეს  პროგრამირების შემსწავლელი გაძლიერებული ჯგუფი.,,,
9/25/2019 9:28:48,"ჯგუფ - ""Remote Work - Georgian Community"" -ში",მამრობითი,21-24,2-4 წელი,Full Stack Developer,C#,.Net Core,Git,არა,არ ვიყენებთ,,,Full Time,Office,სადაზღვევო სფერო,საქართველო,0-40,1500-2000,50-60 %,3.5-3.7,"ყველამ უნდა იმუშაოს საკუთარ თავზე ინდივიდუალურად. შეიქმნას ჯანსაღი კონკურენცია და გარემო. ავყვეთ ახალ ტექნოლოგიებს და ტრენდებს,
მეტი ხელშეწყობა სახელმწიფოსგან (თუნდაც შრომის კოდექსის ცვლილებით). მეტი მუშაობა სხვადასხვა მიმართულებით. Hardware, big data, algorithms და ბევრი ისეთი რამ რასაც ზედ არ კი უყურებენ ძირითადად.",,,
9/25/2019 10:06:52,მეგობრისგან,მამრობითი,21-24,1-2 წელი,Front End Developer,Typescript,Angular,Git,კი,TFS,10-100,0-10,Full Time,Office,ფინანსები,საქართველო,100-160,2k-3k,80-90 %,1.5-2,"საზოგადოებრივი ცნობიერების ამაღლება (განათლება, მეტი საჯარო ლექციები, სკოლაში ინფორმატიკის გაკვეთილების გაუმჯობესება და ა.შ)",,,
9/25/2019 10:14:35,მეგობრისგან,მამრობითი,21-24,2-4 წელი,Back End Developer,C#,.Net,Git,არა,არ ვიყენებთ,10-100,0-10,Full Time,Office,ინფორმაციული ტექნოლოგიები,საქართველო,100-160,2k-3k,80-90 %,3-3.5,სწავლებაში ფულის ჩადება,,,
9/25/2019 10:20:14,"ჯგუფ - ""Remote Work - Georgian Community"" -ში",მამრობითი,30-35,6-9 წელი,Back End Developer,C#,.Net Core,Git,არა,არ ვიყენებთ,10-100,0-10,Both (Full time + Part Time),Remote and office,ინფორმაციული ტექნოლოგიები,საქართველო,160-240,5k-6k,,3.9-3.99,,,,
9/25/2019 10:29:57,"ჯგუფ - ""Web Development Professionals from Georgia""-ში",მამრობითი,35-40,4-6 წელი,Full Stack Developer,C#,.Net Core,Git,კი,TFS,0-10,0-10,Full Time,Office,ფინანსები,საქართველო,160-240,3k-4k,,3.5-3.7,,,,
9/25/2019 10:30:47,Linkedin-ზე,მამრობითი,27-30,4-6 წელი,Mobile Apps Developer,Swift,,Git,კი,არ ვიყენებთ,0-10,0-10,Both (Full time + Part Time),Remote and office,ინფორმაციული ტექნოლოგიები,საქართველო,240-300,6k-7k,90 - 100 %,2-2.5,პოპულარიზაცია დაწყებით კლასებში.,,,
9/25/2019 10:39:29,Linkedin-ზე,მამრობითი,21-24,0-1 წელი,Full Stack Developer,Javascript,Angular,Git,არა,არ ვიყენებთ,100-200,0-10,Full Time,Office,ფინანსები,საქართველო,100-160,1000-1500,90 - 100 %,2-2.5,,,,
9/25/2019 10:40:07,Linkedin-ზე,მამრობითი,30-35,6-9 წელი,IT Architect,Java,Laravel,Git,კი,Jenkins,,,Both (Full time + Part Time),Remote and office,ინფორმაციული ტექნოლოგიები,საქართველო,400+,10k-15k,90 - 100 %,0.5-1,less bureaucracy,,,
9/25/2019 10:41:15,"ჯგუფ - ""Georgian Web & Mobile Development Industry"" -ში",მდედრობითი,21-24,1-2 წელი,Front End Developer,Javascript,Angular,Git,არა,არ ვიყენებთ,0-10,0-10,Full Time,Office,ფინანსები,საქართველო,100-160,1000-1500,40-50 %,,,,,
9/25/2019 11:08:01,"ჯგუფ - ""Remote Work - Georgian Community"" -ში",მდედრობითი,24-27,6-9 წელი,Back End Developer,Python,Django,Git,არა,Jenkins,400-700,0-10,Full Time,Remote,ინფორმაციული ტექნოლოგიები,საქართველო,100-160,6k-7k,70-80 %,3-3.5,თვითგანვითარების მოტივაციის ამაღლება ყოველდღიურად და ძალიან დიდი შრომის ჩადება სწავლაში(მიმართუებები და ტექნოლოგიები იმდენად ბევრია რომ ყოველდღიური სწავლითაც კი შეიძლება ვერ დაეწიო მაგრამ ჩემი აზრით ერთადერთი გამოსავალი მაინც სწავლა არის).,,,
9/25/2019 11:11:35,Linkedin-ზე,მამრობითი,30-35,20-25 წელი,Embedded Software architect,C++,,Git,კი,Jenkins,0-10,0-10,დამსაქმებელი,Office,ინფორმაციული ტექნოლოგიები,საქართველო,300-400,30k-50k,,,მომისმინონ,,,
9/25/2019 11:24:44,"ჯგუფ - ""Remote Work - Georgian Community"" -ში",მამრობითი,24-27,4-6 წელი,Mobile Apps Developer,Kotlin,Android SDK,Git,კი,Bitbucket Pipelines,10-100,10-20,Full Time,Office,ფინანსები,საქართველო,100-160,4k-5k,70-80 %,3-3.5,,ვსწავლობ - PHD,,
9/25/2019 11:30:49,"ჯგუფ - ""Georgian Web & Mobile Development Industry"" -ში",მამრობითი,21-24,2-4 წელი,Full Stack Developer,Php,Laravel,Git,არა,Buddy.works,0-10,0-10,Full Time,Remote,ინფორმაციული ტექნოლოგიები,საქართველო,160-200,2k-3k,50-60 %,,,დავამთავრე -  bachelor,,
9/25/2019 11:31:08,"ჯგუფ - ""Georgian Web & Mobile Development Industry"" -ში",მამრობითი,18-21,0-1 წელი,Back End Developer,Java,,Git,კი,Travis,0-10,0-10,Part Time,,ინფორმაციული ტექნოლოგიები,საქართველო,40-100,300-500,60-70 %,4,,ვსწავლობ -  bachelor,,
9/25/2019 11:32:45,"ჯგუფ - ""Georgian Web & Mobile Development Industry"" -ში",მამრობითი,30-35,6-9 წელი,Full Stack Developer,Php,Angular,Git,არა,არ ვიყენებთ,0-10,0-10,Both (Full time + Part Time),Remote and office,ფინანსები,საქართველო,160-200,1500-2000,70-80 %,1-1.5,მეტი თავუსუფლება.. გადაწყვეტილებებში. პროგრამისტებს,დავამთავრე -  PHD,,
9/25/2019 11:34:11,"ჯგუფ - ""Georgian Web & Mobile Development Industry"" -ში",მამრობითი,18-21,2-4 წელი,Full Stack Developer,Javascript,React,Git,არა,არ ვიყენებთ,1000-2000,10-20,Full Time,Remote and office,ინფორმაციული ტექნოლოგიები,საქართველო,100-160,2k-3k,80-90 %,,"ყველაფერში ფული მთავარი არაა, თუმცა ხელფასების გაზრდა მეტ ინტერესს გამოიწვევდა და არსებულ პროგრამისტებსაც საქართველოს ბაზარზე შეინარჩუნებდა. ვისაც ვიცნობ თითქმის ყველა უცხოეთზე გასვლას ცდილობს სამუშაოდ (Remote-ად)",ვსწავლობ -  bachelor,,
9/25/2019 11:34:42,"ჯგუფ - ""Georgian Web & Mobile Development Industry"" -ში",მამრობითი,15-18,1-2 წელი,Front End Developer,Javascript,,არ ვიყენებთ,არა,არ ვიყენებთ,,,Part Time,Remote,ინფორმაციული ტექნოლოგიები,საქართველო,0-40,,,,"ჩემი აზრით პირველ რიგში უნდა გაიზარდოს ამ სფეროსა და მასში მომუშავე პირების დაფასების ხარისხი, მატერიალური თვალსაზრისით რაც თავისთავად გამოიწვევს ამ სფეროს განვითარებას. საშუალო ფასი/კოეფიციენტი ამ საქმის უნდა გაიზარდოს თავად ამ სფეროში მომუშავე ხალხის ერთიანი მოქმედებით",არ მაქვს მიღებული უმაღლესი განათლება,,
9/25/2019 11:34:45,"ჯგუფ - ""Georgian Web & Mobile Development Industry"" -ში",მამრობითი,18-21,1-2 წელი,Back End Developer,Python,PyTorch,Git,კი,Jenkins,0-10,500-1000,Full Time,Office,ინფორმაციული ტექნოლოგიები,გერმანია,100-160,30k-50k,90 - 100 %,3.8-3.9,"იგივე რაც ნებისმიერ სხვა ადგილას, უნდა იშრომო.",ვსწავლობ -  bachelor,,
9/25/2019 11:35:33,"ჯგუფ - ""Remote Work - Georgian Community"" -ში",მამრობითი,21-24,2-4 წელი,devops engineer,groovy,,Git,კი,Jenkins,0-10,0-10,Both (Full time + Part Time),Remote and office,ფინანსები,საქართველო,160-240,2k-3k,70-80 %,1-1.5,,ვსწავლობ -  bachelor,,
9/25/2019 11:35:40,"ჯგუფ - ""Georgian Web & Mobile Development Industry"" -ში",მამრობითი,30-35,1-2 წელი,Back End Developer,C#,.Net,Git,არა,არ ვიყენებთ,,,Full Time,Office,ინფორმაციული ტექნოლოგიები,საქართველო,160-240,1000-1500,80-90 %,,,დავამთავრე - master,,
9/25/2019 11:42:14,"ჯგუფ - ""Georgian Web & Mobile Development Industry"" -ში",მამრობითი,27-30,არ მაქვს,Back End Developer,Php,Laravel,Git,არა,არ ვიყენებთ,0-10,0-10,არ ვარ დასაქმებული,,ფინანსები,საქართველო,0,0-300,70-80 %,3-3.5,,დავამთავრე -  bachelor,,
9/25/2019 11:43:08,"ჯგუფ - ""Georgian Web & Mobile Development Industry"" -ში",მამრობითი,18-21,არ მაქვს,Back End Developer,Php,,Git,არა,არ ვიყენებთ,0-10,0-10,არ ვარ დასაქმებული,,,საქართველო,0,0-300,80-90 %,0-0.5,,ვსწავლობ -  bachelor,,
9/25/2019 11:43:51,"ჯგუფ - ""Georgian Web & Mobile Development Industry"" -ში",მამრობითი,24-27,2-4 წელი,Full Stack Developer,C#,.Net,TFS,არა,არ ვიყენებთ,0-10,,Both (Full time + Part Time),Remote and office,ფინანსები,საქართველო,160-240,2k-3k,90 - 100 %,2.5-3,,დავამთავრე - master,,
9/25/2019 11:44:10,"ჯგუფ - ""Georgian Web & Mobile Development Industry"" -ში",მდედრობითი,24-27,2-4 წელი,QA Engineer,SQL,Laravel,Git,არა,არ ვიყენებთ,0-10,0-10,Full Time,Office,ინფორმაციული ტექნოლოგიები,საქართველო,160-240,1500-2000,70-80 %,3.5-3.7,უნივერსიტეტებში სწავლების მეთოდები შეიცვალოს,დავამთავრე - master,,
9/25/2019 11:44:45,Linkedin-ზე,მამრობითი,21-24,არ მაქვს,Mobile Apps Developer,Kotlin,React,Git,არა,არ ვიყენებთ,0-10,10-20,Full Time,Remote and office,ინფორმაციული ტექნოლოგიები,საქართველო,240-300,1000-1500,50-60 %,2.5-3,,ვსწავლობ -  bachelor,,
9/25/2019 11:50:11,"ჯგუფ - ""Georgian Web & Mobile Development Industry"" -ში",მამრობითი,18-21,0-1 წელი,Front End Developer,Typescript,Angular,Git,კი,არ ვიყენებთ,10-100,50-100,Full Time,Office,ფინანსები,საქართველო,160-200,1000-1500,70-80 %,,,ვსწავლობ -  bachelor,,
9/25/2019 11:50:49,"ჯგუფ - ""Remote Work - Georgian Community"" -ში",მამრობითი,27-30,4-6 წელი,Back End Developer,Python,Django,Git,არა,CircleCi,0-10,10-20,Full Time,Remote,იახტების გაქირავება,საქართველო,100-160,6k-7k,60-70 %,2-2.5,,დავამთავრე - master,,
9/25/2019 11:52:19,"ჯგუფ - ""Georgian Web & Mobile Development Industry"" -ში",მამრობითი,18-21,1-2 წელი,Front End Developer,Javascript,Angular,Git,კი,არ ვიყენებთ,0-10,0-10,Full Time,Remote and office,განათლება,საქართველო,100-160,500-1000,50-60 %,2.5-3,"უნივერსიტეტში სტუდენტს არ უნდა თხოვდნენ უაზრო საგნების სწავლას, განსაკუთრებით პირველ კურსზე. უნივერსიტეტში სტუდენტი პირველივე კურსზე უნდა იღებდეს ისეთ თეორიულ ცოდნას ინფორმაციული ტექნოლოგიების შესახებ რომ კურსის ბოლოს არჩეული უნდა ქონდეს მიმდინარეობა თუ საით წავა, მაგალითად front ან back. ეს თეორიული ცოდნა მოსაბეზრებელი რომ არ იყოს ასათვისებლად, თან უნდა ქონდეს დართული პრაქტიკული დავალებები. მომდევნო კურსებზე კი უნივერსიტეტმა უნდა მიცეს არჩევანის საშუალება სტუდენტს და ხელი შეუწყოს მაქსიმალურად სტუდენტის განვითარებას.",ვსწავლობ -  bachelor,,
9/25/2019 11:52:34,"ჯგუფ - ""Georgian Web & Mobile Development Industry"" -ში",მამრობითი,21-24,არ მაქვს,Front End Developer,Javascript,React,Subversion,კი,Travis,100-200,100-500,Full Time,Office,ინფორმაციული ტექნოლოგიები,საქართველო,40-100,2k-3k,80-90 %,3.8-3.9,აუცილებელია მეტი განათლება და მონდომება შრომა ცნობიერების ამაღლება,ვსწავლობ - master,,
9/25/2019 11:53:12,"ჯგუფ - ""Georgian Web & Mobile Development Industry"" -ში",მამრობითი,24-27,2-4 წელი,Full Stack Developer,C#,.Net Core,Git,არა,Jenkins,,,Full Time,Office,სადაზღვევო სფერო,საქართველო,160-240,2k-3k,60-70 %,,luck,,,
9/25/2019 11:53:37,"ჯგუფ - ""Georgian Web & Mobile Development Industry"" -ში",მდედრობითი,21-24,0-1 წელი,Front End Developer,Javascript,React,Git,კი,,0-10,0-10,Both (Full time + Part Time),Remote and office,ინფორმაციული ტექნოლოგიები,საქართველო,160-240,1500-2000,90 - 100 %,3.5-3.7,,ვსწავლობ -  bachelor,,
9/25/2019 11:54:00,"ჯგუფ - ""Georgian Web & Mobile Development Industry"" -ში",მამრობითი,40-45,9-12 წელი,Pure Management,,,,კი,,,,Full Time,Office,"Service Delivery, Digitalization",საქართველო,160-200,3k-4k,,,"1 - გადასახადებისგან განთავისუფლება; 2 - კარგი ტექნოკური საშუალო და უმაღლესი განათლება; 3 - ინვესტიციების მოზიდვის ხელშეწყობა სახელმწიფოს მხრიდან (კომპანიების ჩამოყვანა, სერვისების შეთავაზება); 4 - დამატებითი განათლება/გადამზადება რასაც უწოდებენ vocational and tertiary განათლებას; ",ვსწავლობ - PHD,,
9/25/2019 11:54:08,"ჯგუფ - ""Georgian Web & Mobile Development Industry"" -ში",მამრობითი,24-27,1-2 წელი,Back End Developer,Php,Laravel,Git,არა,არ ვიყენებთ,0-10,,Full Time,Remote and office,ინფორმაციული ტექნოლოგიები,საქართველო,240-300,1500-2000,,,,დავამთავრე -  bachelor,,
9/25/2019 11:54:45,"ჯგუფ - ""Georgian Web & Mobile Development Industry"" -ში",მამრობითი,21-24,1-2 წელი,Game Developer,C#,Unity,Git,არა,არ ვიყენებთ,0-10,0-10,Full Time,Remote and office,ინფორმაციული ტექნოლოგიები,საქართველო,160-200,1000-1500,60-70 %,2-2.5,"მეტი პოპულარიზაცია ""სფოთლაითი"" და სამუშაოს დაფასება",დავამთავრე -  bachelor,,
9/25/2019 11:54:51,.NET Georgian Enthusiasts and Developers,მამრობითი,27-30,2-4 წელი,Back End Developer,C#,.Net Core,Git,არა,არ ვიყენებთ,0-10,0-10,Full Time,Office,სადაზღვევო სფერო,საქართველო,160-200,2k-3k,80-90 %,1-1.5,"მეტი სტაჟირება, ინფორმაციის გაცვლა და კომუნიკაცია",დავამთავრე - master,,
9/25/2019 11:56:16,,მამრობითი,21-24,1-2 წელი,Data Scientist,C#,.Net Core,Git,კი,,,,Full Time,Office,ინფორმაციული ტექნოლოგიები,საქართველო,0-40,7k-10k,60-70 %,2.5-3,,ვსწავლობ -  bachelor,,
9/25/2019 11:57:23,"ჯგუფ - ""Georgian Web & Mobile Development Industry"" -ში",მამრობითი,21-24,1-2 წელი,Front End Developer,Javascript,,Git,არა,არ ვიყენებთ,0-10,0-10,Full Time,Remote,ინფორმაციული ტექნოლოგიები,საქართველო,40-100,500-1000,40-50 %,2.5-3,,ვსწავლობ -  bachelor,,
9/25/2019 11:57:49,"ჯგუფ - ""Georgian Web & Mobile Development Industry"" -ში",მამრობითი,21-24,1-2 წელი,Mobile Apps Developer,Kotlin,Android sdk,Git,კი,Travis,10-100,0-10,Full Time,Office,ინფორმაციული ტექნოლოგიები,საქართველო,0-40,2k-3k,90 - 100 %,3-3.5,,დავამთავრე -  bachelor,,
9/25/2019 11:58:02,"ჯგუფ - ""Georgian Web & Mobile Development Industry"" -ში",მამრობითი,18-21,1-2 წელი,Front End Developer,Javascript,React,Git,არა,არ ვიყენებთ,0-10,0-10,Full Time,Office,ფინანსები,საქართველო,160-240,1000-1500,,,"საქართველო ვერაფერს იზამს, თვითონ განვითარდება ახალი თაობა ვისაც აინტერესებს.",არ მაქვს მიღებული უმაღლესი განათლება,,
9/25/2019 11:58:12,.NET Georgian Enthusiasts and Developers,მამრობითი,30-35,4-6 წელი,Full Stack Developer,Php,.Net,Git,არა,არ ვიყენებთ,0-10,,Full Time,Remote and office,სამედიცინო სფერო,საქართველო,300-400,2k-3k,,,,დავამთავრე -  bachelor,,
9/25/2019 11:58:17,"ჯგუფ - ""Georgian Web & Mobile Development Industry"" -ში",მამრობითი,27-30,9-12 წელი,Full Stack Developer,Javascript,React,Git,კი,AWS CodeDeploy,1000-2000,0-10,Both (Full time + Part Time),Remote,ინფორმაციული ტექნოლოგიები,საქართველო,240-300,20k-30k,80-90 %,3.9-3.99,ხელი არ უნდა შეგვიშალონ,დავამთავრე -  bachelor,,
9/25/2019 11:59:56,მეგობრისგან,მამრობითი,21-24,1-2 წელი,Full Stack Developer,Php,slim,არ ვიყენებთ,არა,არ ვიყენებთ,,,Full Time,Office,ფინანსები,საქართველო,40-100,300-500,80-90 %,1.5-2,წარმოდგენა არ მაქვს,ვსწავლობ - master,,
9/25/2019 12:00:25,"ჯგუფ - ""Remote Work - Georgian Community"" -ში",მამრობითი,24-27,4-6 წელი,Full Stack Developer,Javascript,Laravel,Git,კი,Jenkins,0-10,0-10,Full Time,Remote and office,ფინანსები,საქართველო,100-160,6k-7k,70-80 %,3-3.5,,ვსწავლობ - master,,
9/25/2019 12:00:30,"ჯგუფ - ""Remote Work - Georgian Community"" -ში",მამრობითი,18-21,0-1 წელი,Data Scientist,SQL,,Git,კი,,0-10,0-10,Part Time,Office,გემბლინგი,საქართველო,40-100,300-500,90 - 100 %,2.5-3,,ვსწავლობ -  bachelor,,
9/25/2019 12:00:38,"ჯგუფ - ""Remote Work - Georgian Community"" -ში",მამრობითი,18-21,1-2 წელი,Back End Developer,Python,Django,არ ვიყენებთ,არა,არ ვიყენებთ,10-100,0-10,არ ვარ დასაქმებული,Remote,ინფორმაციული ტექნოლოგიები,საქართველო,0-40,0-300,70-80 %,,,ვსწავლობ -  bachelor,,
9/25/2019 12:03:16,"ჯგუფ - ""Georgian Web & Mobile Development Industry"" -ში",მამრობითი,21-24,1-2 წელი,Mobile Apps Developer,Kotlin,,Git,არა,Teamcity,10-100,0-10,Full Time,Office,ინფორმაციული ტექნოლოგიები,საქართველო,160-240,2k-3k,90 - 100 %,3-3.5,,დავამთავრე -  bachelor,,
9/25/2019 12:04:58,"ჯგუფ - ""Georgian Web & Mobile Development Industry"" -ში",მამრობითი,21-24,1-2 წელი,Back End Developer,C#,.Net Core,Git,არა,არ ვიყენებთ,10-100,0-10,Both (Full time + Part Time),Remote and office,ინფორმაციული ტექნოლოგიები,საქართველო,160-200,1500-2000,70-80 %,1.5-2,ზოგადად ბიზნესის კეთება უნდა გახშირდეს. იგულისხმება ეკონომიკაში კერძო სექტორის წილის ზრდა. კონკურენცია გაიზრდება და შესაბამისად ხარისხიც.,დავამთავრე -  bachelor,,
9/25/2019 12:06:07,"ჯგუფ - ""Georgian Web & Mobile Development Industry"" -ში",მამრობითი,27-30,6-9 წელი,Support Specialist,C#,.Net Core,TFS,არა,არ ვიყენებთ,0-10,0-10,Full Time,Office,ინფორმაციული ტექნოლოგიები,საქართველო,40-100,500-1000,60-70 %,1.5-2,"როგორც ყველა სხვა სფეროში ისევე ჩვენთან ძალიან არ ვაფასებთ ჩვენს კადრებს, საქმე მხოლოდ ანაზღაურებაში არაა ადამიანური მიდგომა და კონტაქტი არ არის, შეხვედრები საუბრები განვითარებაზე. ",დავამთავრე -  bachelor,,
9/25/2019 12:08:55,,მამრობითი,18-21,1-2 წელი,System Administrator,C#,.Net,BitBucket,არა,არ ვიყენებთ,,,Part Time,Office,ინფორმაციული ტექნოლოგიები,საქართველო,0-40,300-500,40-50 %,1-1.5,,ვსწავლობ -  bachelor,,
9/25/2019 12:10:32,"ჯგუფ - ""Georgian Web & Mobile Development Industry"" -ში",მამრობითი,21-24,2-4 წელი,Back End Developer,C#,.Net Core,Git,კი,Jenkins,700-1000,20-50,Both (Full time + Part Time),Remote and office,ინფორმაციული ტექნოლოგიები,საქართველო,160-240,1500-2000,50-60 %,1.5-2,,ვსწავლობ -  bachelor,,
9/25/2019 12:16:16,"ჯგუფ - ""Georgian Web & Mobile Development Industry"" -ში",მამრობითი,35-40,12-15 წელი,Front End Developer,Javascript,React,Git,არა,Jenkins,200-400,,Part Time,Remote and office,ინფორმაციული ტექნოლოგიები,საქართველო,100-160,1500-2000,,,,დავამთავრე - master,,
9/25/2019 12:16:39,"ჯგუფ - ""Georgian Web & Mobile Development Industry"" -ში",მამრობითი,21-24,0-1 წელი,Front End Developer,Javascript,React,Git,კი,,,0-10,Full Time,Remote and office(Outsource),outsource,,160-200,500-1000,70-80 %,2-2.5,"არ მაქვს კონკრეტული აზრი ამასთან დაკავშირებით, ბევრი წვრილმანია",ვსწავლობ -  bachelor,,
9/25/2019 12:17:02,"ჯგუფ - ""Georgian Web & Mobile Development Industry"" -ში",მდედრობითი,21-24,0-1 წელი,Full Stack Developer,C#,.Net,TFS,არა,არ ვიყენებთ,,,Full Time,Office,ფინანსები,საქართველო,40-100,500-1000,80-90 %,1.5-2,,დავამთავრე -  bachelor,,
9/25/2019 12:17:38,"ჯგუფ - ""Georgian Web & Mobile Development Industry"" -ში",მამრობითი,21-24,0-1 წელი,Back End Developer,C#,.Net Core,Git,კი,Teamcity,100-200,0-10,Full Time,Office,ადამიანური რესურსები,საქართველო,0-40,500-1000,80-90 %,1-1.5,,ვსწავლობ -  bachelor,,
9/25/2019 12:17:42,.NET Georgian Enthusiasts and Developers,მამრობითი,24-27,2-4 წელი,Back End Developer,C#,.Net,TFS,კი,არ ვიყენებთ,200-400,0-10,Full Time,Office,ინფორმაციული ტექნოლოგიები,საქართველო,160-200,3k-4k,80-90 %,3-3.5,,დავამთავრე - master,,
9/25/2019 12:20:21,"ჯგუფ - ""Georgian Web & Mobile Development Industry"" -ში",მამრობითი,21-24,1-2 წელი,Back End Developer,Php,Lumen,Git,არა,არ ვიყენებთ,0-10,0-10,Full Time,Office,ინფორმაციული ტექნოლოგიები,საქართველო,160-200,1500-2000,70-80 %,2-2.5,"კომპანიებმა უნდა გააანალიზონ თითოეული თანამშრომლის ვიწრო სპეციალობა და ყველანაირი საქმისთვის აიყვანონ ცალკე კადრი. ანუ ერთი ადამიანი არ უნდა იყოს ""ყველაფერჩიკი"" და არ უნდა აკეთებდეს ფრონტსაც, ბექსაც, ტესტინგსაც და კიდევ მრავალ რამეს. ასეთი სიტუაციაა უმეტეს ქართულ კომპანიებში, რაც საერთო ჯამში კადრის განვითარებას მნიშვნელოვნად ანელებს. ასევე თვითონ ინფორმაციული ტექნოლოგიების ადამიანებმა უნდა ისწავლონ საკუთარი თავის ფასი და არ უნდა გააფუჭონ ამით მათი საბაზრო ფასი. როცა ერთი ადამიანი 500 ლარზე მუშაობს და აკეთებს ამას, კომპანია ფიქრობს, რომ 500 ლარად შესაძლებელია კადრის აყვანა და იმას არც კი გაუჩნდება სურვილი გადაიხადოს მაგ. 1500 ლარი, რომ იპოვოს უკეთესი კადრი, რადგან 500-დაც საქმე კეთდება, შეიძლება ცუდად, მაგრამ კეთდება. ასე ფუჭდება ჩვენი საბაზრო ღირებულება.",ვსწავლობ - master,,
9/25/2019 12:23:27,ფინტექის ჯგუფში,მამრობითი,24-27,6-9 წელი,Back End Developer,C#,.Net Core,Git,კი,Jenkins,0-10,0-10,Both (Full time + Part Time),Remote,ფინანსები,საქართველო,240-300,15k-20k,90 - 100 %,,გადასახადებს მოუკლონ :),არ მაქვს მიღებული უმაღლესი განათლება,გერმანია,
9/25/2019 12:24:06,"ჯგუფ - ""Georgian Web & Mobile Development Industry"" -ში",მამრობითი,18-21,2-4 წელი,Front End Developer,Javascript,React,არ ვიყენებთ,არა,არ ვიყენებთ,0-10,0-10,Full Time,Office, სამხედრო წარმოება,საქართველო,240-300,500-1000,50-60 %,1-1.5,,ვსწავლობ -  bachelor,საქართველო,
9/25/2019 12:27:24,"ჯგუფ - ""Georgian Web & Mobile Development Industry"" -ში",მდედრობითი,30-35,9-12 წელი,Full Stack Developer,C#,.Net Core,Git,არა,Jenkins,0-10,0-10,Full Time,Office,ინფორმაციული ტექნოლოგიები,საქართველო,160-240,4k-5k,90 - 100 %,2-2.5,,დავამთავრე - master,საქართველო,
9/25/2019 12:31:24,"ჯგუფ - ""Georgian Web & Mobile Development Industry"" -ში",მამრობითი,24-27,4-6 წელი,Full Stack Developer,Php,Laravel,Git,არა,Jenkins,,,Both (Full time + Part Time),Remote and office,,საქართველო,160-200,4k-5k,70-80 %,2-2.5,,ვსწავლობ - master,ამერიკის შეერთებული შტატები,
9/25/2019 12:32:26,"ჯგუფ - ""Georgian Web & Mobile Development Industry"" -ში",მამრობითი,21-24,2-4 წელი,Full Stack Developer,Javascript,React,Git,არა,არ ვიყენებთ,0-10,0-10,Full Time,Office,განათლება,საქართველო,160-200,1500-2000,60-70 %,0-0.5,სკოლის ასაკიდანვე ისწავლებოდეს საბაზისო და ყველას ქოდნეს მეტი და რაულირ ინფორმაცია ამ პროფესიის შესახებ. არ ქონდეს რაგაც სასწაული წარმოდგენები რომ თუ აინშტაინი არ ხარ არ გამოგივა და პროგრამისტები რომ მხოლოდ ფესიბუქს ტეხავენ ან ვინდოუსის გადაყენებაზე ჩალიჩობენ :D,dropped out,საქართველო,
9/25/2019 12:36:39,DevOps Georgia Group,მამრობითი,24-27,1-2 წელი,Back End Developer,Python,Django,Git,კი,არ ვიყენებთ,0-10,0-10,Full Time,Office,News,საქართველო,160-200,500-1000,,,,დავამთავრე -  bachelor,,
9/25/2019 12:45:37,"ჯგუფ - ""Georgian Web & Mobile Development Industry"" -ში",მდედრობითი,24-27,4-6 წელი,Full Stack Developer,Javascript,React,Git,კი,Jenkins,10-100,20-50,Full Time,Remote,ინფორმაციული ტექნოლოგიები,საქართველო,240-300,50k+,,3.5-3.7,,დავამთავრე -  bachelor,ამერიკის შეერთებული შტატები,ინგლისური
9/25/2019 12:47:02,"ჯგუფ - ""Georgian Web & Mobile Development Industry"" -ში",მამრობითი,18-21,1-2 წელი,Full Stack Developer,SQL,Vue,Git,არა,არ ვიყენებთ,,0-10,არ ვარ დასაქმებული,,,საქართველო,0-40,,60-70 %,,,ვსწავლობ -  bachelor,საქართველო,
9/25/2019 12:47:45,"ჯგუფ - ""Georgian Web & Mobile Development Industry"" -ში",მამრობითი,21-24,2-4 წელი,System Administrator,Python,.Net,არ ვიყენებთ,არა,Teamcity,0-10,,Full Time,Office,სამედიცინო სფერო,საქართველო,160-240,10k-15k,50-60 %,1.5-2,,ვსწავლობ -  bachelor,საქართველო,ქართული
9/25/2019 12:53:52,"ჯგუფ - ""Georgian Web & Mobile Development Industry"" -ში",მდედრობითი,21-24,1-2 წელი,Full Stack Developer,Java,Spring,BitBucket,არა,არ ვიყენებთ,,,Full Time,Office,კავშირგაბმულობა,საქართველო,160-200,1000-1500,90 - 100 %,3.9-3.99,"ყურადღება უნდა გამახვილდეს სკოლაში პროგრამირების საფუძვლებზე;
დამსაქმებლები მეტად ინფორმირებულები უნდა იყვნენ ჩვენს საქმიანობაზე;
თბილისის გარეთ ვინც მუშაობს(თუ ასეთი სამსახური მოიძია საკუთარ ქალაქში), მათთვის ანაზღაურება გაცილებით დაბალია(საკუთარი გამოცდილებით), რაც ასევე პრობლემა მგონია. ",ვსწავლობ - master,,
9/25/2019 12:54:10,"ჯგუფ - ""Georgian Web & Mobile Development Industry"" -ში",მამრობითი,24-27,9-12 წელი,Back End Developer,Php,,Git,კი,არ ვიყენებთ,10-100,0-10,არ ვარ დასაქმებული,Remote,ინფორმაციული ტექნოლოგიები,საქართველო,240-300,1000-1500,90 - 100 %,,ხელფასი და ნაკლები სამუშაო საატები,არ მაქვს მიღებული უმაღლესი განათლება,საქართველო,ინგლისური
9/25/2019 12:54:52,გირჩი | Dev,მამრობითი,27-30,4-6 წელი,Full Stack Developer,Php,.Net Core,Git,კი,არ ვიყენებთ,10-100,0-10,Both (Full time + Part Time),Remote and office,ინფორმაციული ტექნოლოგიები,საქართველო,400+,3k-4k,80-90 %,0-0.5,მეტი თავისუფლებაა საჭირო ყველა სფეროში,არ მაქვს მიღებული უმაღლესი განათლება,საქართველო,ქართული
9/25/2019 12:55:17,"ჯგუფ - ""Georgian Web & Mobile Development Industry"" -ში",მდედრობითი,21-24,1-2 წელი,Back End Developer,C#,.Net,Git,კი,Jenkins,0-10,0-10,Full Time,Office,ფინანსები,საქართველო,300-400,1500-2000,90 - 100 %,3.9-3.99,ar vici,ვსწავლობ -  bachelor,საქართველო,ინგლისური
9/25/2019 13:01:40,"ჯგუფ - ""Georgian Web & Mobile Development Industry"" -ში",მამრობითი,30-35,15-20 წელი,System Administrator,Php,Laravel,Git,არა,Jenkins,2000-5000,0-10,Both (Full time + Part Time),Remote and office,ინფორმაციული ტექნოლოგიები,საქართველო,300-400,10k-15k,,,"ყლეები არ უნდა შემოვხაზოთ არჩევნებზე, ანუ მნიშვნელოვან პროგრესს ვერ მივაღწევთ ვერასდროს",დავამთავრე -  bachelor,საქართველო,ქართული
9/25/2019 13:02:58,"ჯგუფ - ""Georgian Web & Mobile Development Industry"" -ში",მამრობითი,21-24,2-4 წელი,Full Stack Developer,Javascript,Angular,Git,კი,Jenkins,,,Both (Full time + Part Time),Remote and office,განათლება,საქართველო,300-400,3k-4k,80-90 %,2.5-3,ხალხმა გაიაზროს რამდენად მნიშვნელოვანია ეს სფერო. ადეკვატური ხალხი აიყვანონ კომპანიებმა ადეკვატურ ხელფასებზე და არა გამოუცდელი და ბოთე ტიპები მაღალ ხელფასებზე. ინტერვიუერები უნდა იყვნენ ტექ ტიპები და უნდა აძლევდნენ სერიოზულ დავალებებს პოტენციურ დასაქმებულებს და აყვანისას სერიოზული ზღვარი უნდა დააწესონ(ხელფასიც შესაბამისი). ამ მხრივ დაუსაქმებელ დეველოპერებს მოტივაცია ექნებათ განვითარების უფრო მეტად და შესაბამისად მოგვიანებით ნამდვილად ხარისხიან პროდუქტს დადებენ.,ვსწავლობ -  bachelor,საქართველო,ქართული
9/25/2019 13:15:26,"ჯგუფ - ""Georgian Web & Mobile Development Industry"" -ში",მამრობითი,18-21,1-2 წელი,Front End Developer,Php,Laravel,Git,კი,Teamcity,5k-10k,1000-3000,არ ვარ დასაქმებული,Remote,ფინანსები,საქართველო,40-100,300-500,,0-0.5,,არ მაქვს მიღებული უმაღლესი განათლება,საქართველო,ქართული
9/25/2019 13:15:30,"ჯგუფ ""Sysadmins GE""-ში",მამრობითი,21-24,2-4 წელი,Full Stack Developer,Php,Laravel,არ ვიყენებთ,არა,არ ვიყენებთ,0-10,0-10,Both (Full time + Part Time),Remote and office,ინფორმაციული ტექნოლოგიები,საქართველო,300-400,2k-3k,50-60 %,2.5-3,,დავამთავრე -  bachelor,საქართველო,ქართული
9/25/2019 13:16:31,Facebook,მამრობითი,30-35,12-15 წელი,Network Administrator,Php,.Net,არ ვიყენებთ,არა,არ ვიყენებთ,0-10,0-10,Full Time,Remote and office,ინფორმაციული ტექნოლოგიები,საქართველო,160-200,2k-3k,,0-0.5,,დავამთავრე - master,საქართველო,ქართული
9/25/2019 13:18:49,"ჯგუფ - ""Georgian Web & Mobile Development Industry"" -ში",მამრობითი,18-21,არ მაქვს,Support Specialist,Python,Django,არ ვიყენებთ,არა,არ ვიყენებთ,,,არ ვარ დასაქმებული,,ინფორმაციული ტექნოლოგიები,საქართველო,0,0-300,60-70 %,2-2.5,"საწყისი კლასებიდან ბავშვებს წარმოდგენა შეუქმნან ინფორმაციულ კუთხეზე და მის მნიშვნელობაზე, გაუწიონ აღნიშნულს პოპულარიზაცია, საშუალო კლასებიდან კი პროგრამირების (როგორც არჩევითი საგნის) სწავლება დაიწყოს. ",ვსწავლობ -  bachelor,საქართველო,ქართული
9/25/2019 13:21:14,"ჯგუფ - ""Georgian Web & Mobile Development Industry"" -ში",მამრობითი,24-27,6-9 წელი,Back End Developer,C#,.Net Core,არ ვიყენებთ,კი,Travis,5k-10k,3k-10k,Part Time,Remote,გემბლინგი,საქართველო,100-160,15k-20k,90 - 100 %,0.5-1,,ვსწავლობ -  bachelor,საქართველო,ინგლისური
9/25/2019 13:22:53,Linkedin-ზე,მამრობითი,27-30,6-9 წელი,Network Administrator,,.Net,არ ვიყენებთ,არა,არ ვიყენებთ,2000-5000,0-10,Full Time,Remote and office,ინფორმაციული ტექნოლოგიები,საქართველო,160-200,3k-4k,80-90 %,2-2.5,,დავამთავრე - master,საქართველო,ქართული
9/25/2019 13:27:52,"ჯგუფ - ""Georgian Web & Mobile Development Industry"" -ში",მდედრობითი,21-24,1-2 წელი,Front End Developer,Javascript,React,Git,კი,არ ვიყენებთ,,,Full Time,Office,გემბლინგი,საქართველო,240-300,3k-4k,80-90 %,2.5-3,,დავამთავრე -  bachelor,საქართველო,ქართული
9/25/2019 13:34:26,"ჯგუფ - ""Georgian Web & Mobile Development Industry"" -ში",მამრობითი,27-30,9-12 წელი,Full Stack Developer,Php,Codeigniter,არ ვიყენებთ,არა,არ ვიყენებთ,0-10,0-10,Full time,Remote and office,სხვადასხვა,საქართველო,160-240,5k-6k,50-60 %,,სახელმწიფომ უნდა დანერგოს უფასო კურსები და მაქსიმალურად ხელი შეუწყონ დაინტრესებულ პირებს. ხელშეწყობაში იგულიახმება კომპიუტერების უფასო გადაცემა და უფასო დატრენინგება იმ პირებისთვის რომლებიც შეძლებენ საბაზისო ტექნიკურ კითხვებზე პასუხის გაცემას.,დავამთავრე -  bachelor,საქართველო,ქართული
9/25/2019 13:38:02,Linkedin-ზე,მამრობითი,30-35,6-9 წელი,System Administrator,Python,,Git,კი,Gitlab CI,0-10,0-10,Full Time,Remote and office,,ესტონეთი,100-160,5k-6k,80-90 %,,,დავამთავრე - master,,ინგლისური
9/25/2019 13:46:26,"ჯგუფ - ""unihack""-ში",მამრობითი,35-40,12-15 წელი,Support Specialist,,.Net,არ ვიყენებთ,არა,არ ვიყენებთ,,,Full Time,Office,ინფორმაციული ტექნოლოგიები,საქართველო,160-200,1000-1500,,,,არ მაქვს მიღებული უმაღლესი განათლება,საქართველო,ქართული
9/25/2019 13:47:59,"ჯგუფ ""Sysadmins GE""-ში",მამრობითი,21-24,1-2 წელი,System Administrator,,,,არა,არ ვიყენებთ,0-10,0-10,Full Time,Office,ფინანსები,საქართველო,160-240,1000-1500,70-80 %,2.5-3,,ვსწავლობ - master,საქართველო,ქართული
9/25/2019 13:49:19,,მამრობითი,30-35,9-12 წელი,System Administrator,,,,არა,,,,Full Time,Office,,საქართველო,100-160,2k-3k,80-90 %,,,ვსწავლობ - master,საქართველო,ქართული
9/25/2019 13:49:25,"ჯგუფ ""Sysadmins GE""-ში",მამრობითი,18-21,0-1 წელი,System Administrator,Python,.Net,Git,არა,Jenkins,400-700,0-10,Full Time,Office,ინფორმაციული ტექნოლოგიები,საქართველო,160-200,500-1000,80-90 %,3-3.5,xz,ვსწავლობ -  bachelor,საქართველო,ქართული
9/25/2019 13:51:55,Linkedin-ზე,მამრობითი,21-24,1-2 წელი,Full Stack Developer,Php,Laravel,TFS,არა,არ ვიყენებთ,0-10,0-10,Part Time,Remote,სადაზღვევო სფერო,საქართველო,0-40,1000-1500,60-70 %,3.8-3.9,მივბაძოთ ინდოელებს !  ვაკეთოთ იაფად და მთელი ბაზარი ავითვისოთ.,დავამთავრე -  bachelor,საქართველო,ქართული
9/25/2019 13:54:07,"ჯგუფ - ""Georgian Web & Mobile Development Industry"" -ში",მამრობითი,24-27,6-9 წელი,Full Stack Developer,Php,"Self designed engine, Now working on Magento 2",Git,კი,არ ვიყენებთ,0-10,0-10,Both (Full time + Part Time),Remote and office,ინფორმაციული ტექნოლოგიები,საქართველო,160-240,3k-4k,80-90 %,3.7-3.8,"1 - განათლების დონე აიწიოს. 2 - შრომის კოდექსი გამკაცრდეს მადსაქმებლისთვის, 3 - მინიმალური ანაზღაურება აიწიოს, 4 - გაფორმდეს ხელშეკრულება რაც შეიძლება მეტ ქვეყანასთან და გაიხსნას საზღვრები remote სამსახურისთვის.",ვსწავლობ - PHD,ლატვია,ინგლისური
9/25/2019 13:57:22,"ჯგუფ ""Sysadmins GE""-ში",მამრობითი,24-27,12-15 წელი,System Administrator,Python,Django,Git,კი,Travis,50k-100k,100-500,Full Time,Remote and office,ინფორმაციული ტექნოლოგიები,საქართველო,100-160,10k-15k,30-40 %,,არ მიფიქრია ),არ მაქვს მიღებული უმაღლესი განათლება,საქართველო,ქართული
9/25/2019 13:59:52,"ჯგუფ - ""Georgian Web & Mobile Development Industry"" -ში",მამრობითი,18-21,0-1 წელი,Support Specialist,,,არ ვიყენებთ,არა,არ ვიყენებთ,,,არ ვარ დასაქმებული,Remote and office,ინფორმაციული ტექნოლოგიები,საქართველო,160-200,2k-3k,50-60 %,1.5-2,,ვსწავლობ -  bachelor,საქართველო,ქართული
9/25/2019 14:00:08,მეგობრისგან,მდედრობითი,27-30,4-6 წელი,QA Engineer,Java,Se,Git,კი,Jenkins,0-10,,Both (Full time + Part Time),Remote and office,ფინანსები,საქართველო,160-240,2k-3k,50-60 %,2.5-3,"მეტი ტრენინგები, შეხვედრები, გამოცდილების გაზიარება და სტაჟირებები. სწავლის დონე უნდა გაიზარდოს ჰნივერსიტეტსა და სკოლებში, ",დავამთავრე - master,საქართველო,ქართული
9/25/2019 14:05:52,"ჯგუფ - ""Georgian Web & Mobile Development Industry"" -ში",მამრობითი,24-27,2-4 წელი,Full Stack Developer,Javascript,React,Git,კი,არ ვიყენებთ,0-10,10-20,Full Time,Remote and office,ფინანსები,საქართველო,0-40,3k-4k,70-80 %,3.7-3.8,"ხელი შეუწყოს სკოლებში ინფორმატიკის სწავლებას , და არ შემოიფარგლონ ერთი სემსტრით ეგეც ვორდით. არამედ ასწავლონ როგორც საგანი, ბევრი ახალგაზრდა. იჭიერის აღმოჩენა შეიძლება , დაინტერესებით , სიახლის მიტანით მათთან ",ვსწავლობ - master,საქართველო,ქართული
9/25/2019 14:08:36,"ჯგუფ - ""Georgian Web & Mobile Development Industry"" -ში",მამრობითი,24-27,2-4 წელი,Back End Developer,C#,,არ ვიყენებთ,არა,არ ვიყენებთ,0-10,0-10,Full Time,Remote and office,ინფორმაციული ტექნოლოგიები,საქართველო,100-160,1000-1500,90 - 100 %,2-2.5,,დავამთავრე -  bachelor,საქართველო,ქართული
9/25/2019 14:10:07,"ჯგუფ - ""Web Development Professionals from Georgia""-ში",მდედრობითი,35-40,6-9 წელი,Front End Developer,Javascript,,TFS,კი,არ ვიყენებთ,0-10,0-10,Full Time,Office,ინფორმაციული ტექნოლოგიები,საქართველო,160-200,1500-2000,,,,დავამთავრე - master,საქართველო,ქართული
9/25/2019 14:16:43,"ჯგუფ ""Sysadmins GE""-ში",მამრობითი,27-30,9-12 წელი,Support Specialist,C#,.Net,არ ვიყენებთ,არა,არ ვიყენებთ,,,Both (Full time + Part Time),Remote and office,ინფორმაციული ტექნოლოგიები,საქართველო,160-240,500-1000,70-80 %,4,,,საქართველო,ქართული
9/25/2019 14:17:48,"ჯგუფ - ""Georgian Web & Mobile Development Industry"" -ში",მამრობითი,21-24,არ მაქვს,Front End Developer,Javascript,.Net,არ ვიყენებთ,არა,არ ვიყენებთ,10-100,10-20,არ ვარ დასაქმებული,,,,,,,,,,,ინგლისური
9/25/2019 14:20:11,DevOps Georgia Group,მამრობითი,21-24,2-4 წელი,Back End Developer,Python,Django,Git,კი,არ ვიყენებთ,400-700,20-50,Both (Full time + Part Time),Remote and office,ინფორმაციული ტექნოლოგიები,საქართველო,100-160,3k-4k,70-80 %,3-3.5,,ვსწავლობ -  bachelor,შვეიცარია,ინგლისური
9/25/2019 14:22:08,ჯგუფ .NET Georgian Enthusiasts and Developers,მამრობითი,18-21,0-1 წელი,Full Stack Developer,Php,Magento,Git,კი,არ ვიყენებთ,10-100,0-10,Part Time,Office,ინფორმაციული ტექნოლოგიები,საქართველო,100-160,0-300,90 - 100 %,2.5-3,ერთი ტიპი რო გამოჩნდეს და გაგვქაჩოს კაი იქნებოდა მაგრამ მაგას არ უნდა ველოდოთ. მეტი უახლესი best practice-ების და რამე რუმეების სწავლა ნაკლები from scratch (თორე ერთი და იგივეს ვტკეპნით დიდი ხანია). გამოცდილების გაზიარება და ასე ერთად უნდა მოვიხოდოთ სუყველა.,ვსწავლობ -  bachelor,საქართველო,ინგლისური
9/25/2019 14:22:31,"ჯგუფ - ""Georgian Web & Mobile Development Industry"" -ში",მამრობითი,30-35,9-12 წელი,Data Scientist,SQL,,არ ვიყენებთ,კი,,,,Full Time,Office,ინფორმაციული ტექნოლოგიები,საქართველო,160-240,3k-4k,,,დაფინანსება,დავამთავრე -  bachelor,საქართველო,ინგლისური
9/25/2019 14:25:47,"ჯგუფ - ""Georgian Web & Mobile Development Industry"" -ში",მამრობითი,27-30,4-6 წელი,Business Analyst,Python,Django,Git,კი,Jenkins,0-10,0-10,Both (Full time + Part Time),Remote and office,ინფორმაციული ტექნოლოგიები,საქართველო,160-240,3k-4k,80-90 %,1-1.5,უნდა მოიხსნას საშემოსავლო გადასახადი IT სფეროში დასაქმებული ადამიანებისთვის.,დავამთავრე -  bachelor,საქართველო,ქართული
9/25/2019 14:38:32,DevOps Georgia Group,მამრობითი,27-30,6-9 წელი,Database Administrator,Python,,Git,,,0-10,0-10,Full Time,Office,სახელმწიფო,საქართველო,100-160,3k-4k,80-90 %,2-2.5,"მეტი ყურადღება ტექნიკურ საგნებს სკოლებსა და ეროვნულ გამოცდებზე.
მეტი მოქმედი პროგრამისტი/სპეციალისტი უნივერსიტეტებში.",დავამთავრე -  PHD,საქართველო,ქართული
9/25/2019 14:51:14,"ჯგუფ - ""Georgian Web & Mobile Development Industry"" -ში",მამრობითი,18-21,არ მაქვს,Full Stack Developer,Php,Laravel,Git,არა,არ ვიყენებთ,0-10,0-10,არ ვარ დასაქმებული,Remote and office,ინფორმაციული ტექნოლოგიები,საქართველო,0,0-300,70-80 %,3-3.5,ვაკანსიები გამოასწორონ. იცოდნენ რა მოითხოვონ და რამდენი.,ვსწავლობ -  bachelor,,ინგლისური
9/25/2019 14:52:12,"ჯგუფ - ""Georgian Web & Mobile Development Industry"" -ში",მამრობითი,21-24,1-2 წელი,System Administrator,C++,Angular,Git,არა,Teamcity,1000-2000,500-1000,Both (Full time + Part Time),Office,ინფორმაციული ტექნოლოგიები,საქართველო,40-100,1500-2000,60-70 %,1.5-2,,დავამთავრე -  bachelor,საქართველო,ქართული
9/25/2019 14:52:13,"ჯგუფ - ""Georgian Web & Mobile Development Industry"" -ში",მამრობითი,15-18,1-2 წელი,Full Stack Developer,C#,.Net Core,Git,არა,არ ვიყენებთ,5k-10k,1000-3000,Part Time,Remote and office,ფინანსები,საქართველო,240-300,5k-6k,,,პირველ რიგში საქართველოში ათეულობით უძალიანმაგრეს დეველოპერს ვიცნობ და იმისთვის რომ პროგრესი იყოს მზარდი და სწრაფი ამისთვის დაფინანსება და დასაქმება არის საჭირო . ჩვენ  ვინც კარგად ვერკვევით ვაკეთებთ პროექტებს რომლებსაც შემდგომ უცხოელებზე ან ქართველ კომპანიებზე ვყიდით (ნუ ძირითადად) და კარგი იქნება თუ დაიდება მსხვილ თუ პატარა კომპანიებთან ხელშეკრულება სადაც დასჭირდებათ ჯუნიორ დეველოპერები და არ დარჩეს ამ საქმის ხარისხიანად მცოდნე უსაქმურად რადგან ყველამ ვიცით რომ მარტივია დავიწყება,არ მაქვს მიღებული უმაღლესი განათლება,გერმანია,ქართული
9/25/2019 15:11:28,"ჯგუფ - ""Georgian Web & Mobile Development Industry"" -ში",მამრობითი,24-27,1-2 წელი,Business Analyst,,,,კი,,,,,Office,ინფორმაციული ტექნოლოგიები,საქართველო,240-300,1500-2000,80-90 %,3-3.5,,ვსწავლობ - master,საქართველო,ქართული
9/25/2019 15:21:08,"ჯგუფ - ""Web Development Professionals from Georgia""-ში",მამრობითი,21-24,2-4 წელი,Back End Developer,C#,.Net Core,Git,კი,Jenkins,10-100,0-10,Full Time,Office,გემბლინგი,მალტა,160-240,10k-15k,90 - 100 %,3-3.5,,ვსწავლობ -  bachelor,მალტა,ინგლისური
9/25/2019 15:24:22,Linkedin-ზე,მამრობითი,21-24,2-4 წელი,Full Stack Developer,C#,.Net,Git,არა,არ ვიყენებთ,0-10,0-10,Full Time,Remote and office,ინფორმაციული ტექნოლოგიები,საქართველო,160-240,1000-1500,70-80 %,1.5-2,,დავამთავრე - master,საქართველო,ქართული
9/25/2019 15:26:51,"ჯგუფ ""Sysadmins GE""-ში",მამრობითი,27-30,9-12 წელი,System Administrator,,,,,,,,Both (Full time + Part Time),Remote and office,ინფორმაციული ტექნოლოგიები,საქართველო,160-240,3k-4k,,,,არ მაქვს მიღებული უმაღლესი განათლება,საქართველო,
9/25/2019 15:32:04,"ჯგუფ - ""Georgian Web & Mobile Development Industry"" -ში",მამრობითი,21-24,2-4 წელი,Front End Developer,Javascript,React,Git,კი,Jenkins,100-200,0-10,Full Time,Remote,დიზაინი,საქართველო,160-200,5k-6k,80-90 %,0.5-1,მეტი It პროპაგანდა.,ვსწავლობ -  bachelor,ამერიკის შეერთებული შტატები,ინგლისური
9/25/2019 15:33:29,"ჯგუფ - ""Remote Work - Georgian Community"" -ში",მამრობითი,18-21,არ მაქვს,Front End Developer,Javascript,React,Git,არა,არ ვიყენებთ,0-10,0-10,Part Time,Remote,ინფორმაციული ტექნოლოგიები,საქართველო,240-300,300-500,,,,არ მაქვს მიღებული უმაღლესი განათლება,საქართველო,ინგლისური
9/25/2019 15:41:49,"ჯგუფ - ""Georgian Web & Mobile Development Industry"" -ში",მამრობითი,27-30,6-9 წელი,Back End Developer,C#,.Net Core,Git,არა,Gitlab CI,0-10,0-10,არ ვარ დასაქმებული,Remote and office,ფინანსები,საქართველო,100-160,5k-6k,70-80 %,2-2.5,სკოლამდელი ასაკიდან დაიწეყოს ბავშვებისთვის ამ სფეროს გაცნობა.,დავამთავრე -  bachelor,ამერიკის შეერთებული შტატები,ინგლისური
9/25/2019 15:51:42,"ჯგუფ - ""Georgian Web & Mobile Development Industry"" -ში",მამრობითი,40-45,9-12 წელი,Full Stack Developer,Php,,არ ვიყენებთ,არა,არ ვიყენებთ,,,Full Time,Office,სამედიცინო სფერო,საქართველო,160-200,1500-2000,,4,,დავამთავრე -  bachelor,საქართველო,ინგლისური
9/25/2019 15:52:23,"ჯგუფ - ""Georgian Web & Mobile Development Industry"" -ში",მამრობითი,24-27,4-6 წელი,QA Engineer,C#,.Net,Git,კი,Gitlab CI,0-10,0-10,Full Time,Office,გემბლინგი,საქართველო,160-240,3k-4k,90 - 100 %,1.5-2,უნივერსიტეტებში ყურადღება მიექცეს უფრო მეტ პრაქტიკულ სამუშაოებს ვიდრე თეორიულს.  სახელმწიფომ ხელი შეუწყოს და წაახალისოს ტექნოლოგიურ სფეროში დასაქმება. მოხდეს Promotion თუ რამდენად დიდ შესაძლებლობას აძლევს ადამიანს ტექნოლოგიურ სფეროში საქმიანობა და რა Benefit-ები აქვს,დავამთავრე - master,საქართველო,ინგლისური
9/25/2019 15:54:35,,მამრობითი,24-27,2-4 წელი,Full Stack Developer,Javascript,Angular,Git,არა,არ ვიყენებთ,,50-100,Full Time,Office,გემბლინგი,საქართველო,160-200,2k-3k,80-90 %,,"employment is a slavery, start your own business",,საქართველო,ქართული
9/25/2019 15:54:42,,მამრობითი,27-30,6-9 წელი,System Administrator,go,,არ ვიყენებთ,კი,არ ვიყენებთ,,,Both (Full time + Part Time),Remote and office,ფინანსები,საქართველო,100-160,3k-4k,70-80 %,,"შესაფერისი მენეჯმენტი, განათლებული(მცოდნე) კადრი, დასახული მიზანი.",დავამთავრე -  bachelor,საქართველო,ქართული
9/25/2019 16:01:44,"ჯგუფ - ""Georgian Web & Mobile Development Industry"" -ში",მამრობითი,21-24,არ მაქვს,Full Stack Developer,Javascript,React,Git,არა,Jenkins,700-1000,0-10,Both (Full time + Part Time),Remote,ინფორმაციული ტექნოლოგიები,საქართველო,160-200,3k-4k,50-60 %,3.5-3.7,,დავამთავრე -  bachelor,საქართველო,ინგლისური
9/25/2019 16:03:56,"ჯგუფ - ""Georgian Web & Mobile Development Industry"" -ში",მამრობითი,21-24,0-1 წელი,Full Stack Developer,Typescript,Angular,Git,კი,,,,Full Time,Office,გემბლინგი,საქართველო,160-200,500-1000,70-80 %,3.8-3.9,"ნეტაი, რამე..",ვსწავლობ -  bachelor,საქართველო,ქართული
9/25/2019 16:09:11,"ჯგუფ - ""Georgian Web & Mobile Development Industry"" -ში",მამრობითი,15-18,4-6 წელი,Full Stack Developer,Javascript,React,Git,არა,არ ვიყენებთ,100-200,50-100,Full Time,Remote,ინფორმაციული ტექნოლოგიები,საქართველო,240-300,1500-2000,,,,ვსწავლობ -  bachelor,ამერიკის შეერთებული შტატები,ქართული
9/25/2019 16:15:10,"ჯგუფ - ""Georgian Web & Mobile Development Industry"" -ში",მამრობითი,27-30,9-12 წელი,Back End Developer,Php,Laravel,Git,არა,არ ვიყენებთ,0-10,0-10,Full Time,Office,ინფორმაციული ტექნოლოგიები,საქართველო,160-240,5k-6k,,,ადამიანები გვჭირდება ვინც ჩვენს შესაძლებლობებს გააცნობს მსოფლიოს... ადამიანები რომლებმაც იციან პროდუქტები როგორ და სად გაიტანონ,ვსწავლობ - master,საქართველო,ქართული
9/25/2019 16:17:03,,მამრობითი,24-27,6-9 წელი,System Administrator,Python,,არ ვიყენებთ,არა,არ ვიყენებთ,2000-5000,,,,,,160-200,1500-2000,40-50 %,,ki,ვსწავლობ -  bachelor,,
9/25/2019 16:20:26,მეგობრისგან,მამრობითი,35-40,12-15 წელი,Full Stack Developer,C#,.Net,TFS,არა,არ ვიყენებთ,0-10,0-10,Full Time,Office,კომუნიკაცია,საქართველო,0-40,4k-5k,,4,,დავამთავრე - master,საქართველო,ქართული
9/25/2019 16:20:29,"ჯგუფ - ""Georgian Web & Mobile Development Industry"" -ში",მამრობითი,21-24,0-1 წელი,Full Stack Developer,Python,.Net,Git,არა,Jenkins,10-100,0-10,Full Time,Office,Embed,ა.შ.შ,0-40,6k-7k,80-90 %,3-3.5,მეტი სფერო შეიქმნას და ახალბედასთვის ვაკანსიებიც გაჩნდეს. არ მოითხოვებოდეს უმრავლესობაში 5 წლიანი სტაჟი,არ მაქვს მიღებული უმაღლესი განათლება,ამერიკის შეერთებული შტატები,ინგლისური
9/25/2019 16:23:10,"ჯგუფ - ""Georgian Web & Mobile Development Industry"" -ში",მამრობითი,27-30,2-4 წელი,Back End Developer,Php,Laravel,Git,არა,არ ვიყენებთ,0-10,0-10,Full Time,Office,ავტომობილების მომსახურე სერვისი,საქართველო,100-160,2k-3k,70-80 %,,"სკოლებში, ზუსტი და საბუნებისმეტყველო საგნების სწავლების ხარისხის გაუმჯობესება უნდა მოხდეს პირველ რიგში. განსაკუთრებით რეგიონებში, სადაც შედარებით დაბალი ეკონომიკური ფენა ცხოვრობს.  შედარებით მარტივი რაც შეიძლება გაკეთდეს - არის სკოლებში - წარმატებული დარგის სპეციალისტების ვიზიტი და ამ დარგში არსებული პერსპექტივების და გამოწვევების გაცნობა.  ",დავამთავრე -  bachelor,საქართველო,ქართული
9/25/2019 16:45:43,"ჯგუფ - ""Georgian Web & Mobile Development Industry"" -ში",მამრობითი,21-24,2-4 წელი,IT & Social Network ,Java,Kotlin,Git,კი,არ ვიყენებთ,,0-10,Part Time,Office,ინფორმაციული ტექნოლოგიები,საქართველო,0-40,7k-10k,20-30 %,0-0.5,სამთავრობო უწყებებში ახლოხლობით აყვანილი კადრი უნდა ამოიძირკვოს,ვსწავლობ -  bachelor,საქართველო,ქართული
9/25/2019 16:53:06,"ჯგუფ - ""Georgian Web & Mobile Development Industry"" -ში",მამრობითი,21-24,1-2 წელი,Full Stack Developer,Php,Magento,Git,არა,არ ვიყენებთ,0-10,10-20,Full Time,Remote and office,ინფორმაციული ტექნოლოგიები,საქართველო,0-40,10k-15k,70-80 %,3-3.5,პროგრამირების საფუძვლები სკოლაში არ აწყენს არავის,ვსწავლობ -  bachelor,საქართველო,ინგლისური
9/25/2019 17:01:13,"ჯგუფ - ""Georgian Web & Mobile Development Industry"" -ში",მამრობითი,24-27,1-2 წელი,Full Stack Developer,Php,Laravel,Git,არა,Jenkins,0-10,0-10,არ ვარ დასაქმებული,Remote,ინფორმაციული ტექნოლოგიები,საქართველო,0-40,7k-10k,90 - 100 %,1-1.5,,დავამთავრე - master,საქართველო,ინგლისური
9/25/2019 17:11:40,"ჯგუფ - ""Georgian Web & Mobile Development Industry"" -ში",მამრობითი,21-24,2-4 წელი,Mobile Apps Developer,C#,Unity,Unity Collab,არა,არ ვიყენებთ,0-10,0-10,Full Time,Office,ინფორმაციული ტექნოლოგიები,საქართველო,160-200,1000-1500,80-90 %,1.5-2,მეტად გავიდეს საერთაშორისო ბაზარზე..? idk man,ვსწავლობ -  bachelor,ამერიკის შეერთებული შტატები,ქართული
9/25/2019 17:46:20,"ჯგუფ - ""Web Development Professionals from Georgia""-ში",მამრობითი,21-24,2-4 წელი,Back End Developer,C#,.Net,Git,კი,არ ვიყენებთ,0-10,0-10,Both (Full time + Part Time),Remote and office,ფინანსები,საქართველო,240-300,1500-2000,80-90 %,1.5-2,skolebshi unda sheitanon sagnad da meti dafaseba chirdeba xalxis motivaciistvis ,ვსწავლობ -  bachelor,საქართველო,ქართული
9/25/2019 18:10:47,"ჯგუფ - ""Georgian Web & Mobile Development Industry"" -ში",მამრობითი,18-21,არ მაქვს,Back End Developer,Python,Django,Git,არა,,,0-10,არ ვარ დასაქმებული,,,საქართველო,,0-300,80-90 %,3.9-3.99,"ახალ თაობას უნდა შევუწყოთ ხელი დასაქმდნენ, მეტი ანაზღაურებადი სტაჟირებები 150-200 ლარს რომ მაინც იხდიდნენ სამოძრაოდ, გამოსაკვებად.",ვსწავლობ -  bachelor,,
9/25/2019 18:18:04,"ჯგუფ - ""Georgian Web & Mobile Development Industry"" -ში",მამრობითი,21-24,4-6 წელი,Full Stack Developer,Php,Laravel,Git,არა,არ ვიყენებთ,0-10,0-10,Both (Full time + Part Time),Remote and office,ecommerce,საქართველო,240-300,4k-5k,70-80 %,1-1.5,,ვსწავლობ -  bachelor,საქართველო,ქართული
9/25/2019 19:02:18,"ჯგუფ - ""Georgian Web & Mobile Development Industry"" -ში",მამრობითი,24-27,4-6 წელი,Front End Developer,Javascript,React,Git,კი,Jenkins,0-10,,Part Time,Remote,ინფორმაციული ტექნოლოგიები,საქართველო,160-200,3k-4k,60-70 %,,,არ მაქვს მიღებული უმაღლესი განათლება,ესპანეთი,ქართული
9/25/2019 19:26:15,"ჯგუფ ""Sysadmins GE""-ში",მამრობითი,30-35,12-15 წელი,System Administrator,,,,,,,,Full Time,Office,სახელმწიფო,საქართველო,100-160,4k-5k,,,"საჭიროა მეტი პროგრამისტის გაზრდა, რომელთაც შეეძლებათ თვით განვითარება, ( პროგრამირების უფასო სახელმწიფო კურსები და უცხოენის კურსები)",ასოცირებული პროფესორი,საქართველო,ქართული
9/25/2019 19:35:06,"ჯგუფ - ""Georgian Web & Mobile Development Industry"" -ში",მამრობითი,24-27,2-4 წელი,InfoSec,Python,,Git,არა,,0-10,10-20,Full Time,Office,ინფორმაციული ტექნოლოგიები,საქართველო,240-300,4k-5k,70-80 %,3.7-3.8,მეტი ახალი ტვინი აიტიში,დავამთავრე - master,საქართველო,ქართული
9/25/2019 19:48:24,"ჯგუფ - ""Remote Work - Georgian Community"" -ში",მამრობითი,30-35,15-20 წელი,Front End Developer,Typescript,Angular,Git,კი,,0-10,0-10,Both (Full time + Part Time),Remote and office,ინფორმაციული ტექნოლოგიები,საქართველო,160-240,5k-6k,,,,არ მაქვს მიღებული უმაღლესი განათლება,საქართველო,ქართული
9/25/2019 20:37:44,"ჯგუფ ""Sysadmins GE""-ში",მამრობითი,18-21,2-4 წელი,Back End Developer,Php,Symfony,Git,კი,Travis,0-10,0-10,Full Time,Office,ინფორმაციული ტექნოლოგიები,საქართველო,160-240,1500-2000,60-70 %,2.5-3,"უნდა გადავასახლით ადამიანები, რომლებიც 200 ლარად ვორდპრეს საიტებს აწყობენ.",ვსწავლობ -  bachelor,საქართველო,ქართული
9/25/2019 20:41:29,"ჯგუფ - ""Georgian Web & Mobile Development Industry"" -ში",მამრობითი,15-18,0-1 წელი,Back End Developer,Php,React,Git,არა,არ ვიყენებთ,0-10,0-10,Part Time,Remote,ინფორმაციული ტექნოლოგიები,საქართველო,0-40,0-300,,,,არ მაქვს მიღებული უმაღლესი განათლება,საქართველო,ქართული
9/25/2019 20:44:34,"ჯგუფ ""Sysadmins GE""-ში",მამრობითი,45-50,2-4 წელი,System Administrator,C ,,,არა,,,,Freelancer,Remote and office,,საქართველო,160-200,1000-1500,,4,"1) უნდა გაიზარდოს მოთხოვნა პროცესების ამა თუ იმ ნაკრების ავტომატიზაციაზე, იქნება ეს საჯარო თუ კომერციული სფერო, რაიმე პროდუქტის წარმოება თუ მომსახურება. მოთხოვნის გაზრდა შეიძლება შესაბამისი სტანდარტების შემუშავებით და მათი, როგორც ნორმის, დაწესებით. 
2) როგორც მწარმოებლების ასევე მომსაურების სფეროს სპეციალისტების დაინტერესება მონაცემთა ბაზების შექმნით.

ეს შიდა ბაზარზე

3) თუ შესაძლებელი იქნება, უნდა მოვიზიდოთ რომელიმე დეველოპერული კომპანია, რომ აქ თავისი ფილიალი ან ოფისი გახსნას (რა თქმა უნდა, ამ შემთხვევაში რაიმე დაინტერესება უნდა ჰქონდეს). არის საფრთხე, რომ ის ჩაძირავს ადგილობრივ ჯგუფებს, მაგრამ იმის შანსიც არის, რომ გაიზრდება კონკურენცია და მეტი შესაძლებლობა გაჩნდება, განვითარდეს დარგი.
4) კარგი იქნება ქართული საგანმანათლებლო სისტემისთვის პროგრამული უზრუნველყოფის შექმნა (ეს გამოცდილება უკვე არსებობს, ვგულიხმობ „ბუქების“ მაგალითს)

კიდევ ბევრი რამის თქმა შეიძლება, მაგრამ პრაქტიკულად როგორ შეიძლება განხორციელდეს ეს ცალკე დასაზუსტებელ-დასაკონკრეტებელია.",დავამთავრე - master,საქართველო,ქართული
9/25/2019 20:53:19,"ჯგუფ ""Sysadmins GE""-ში",მამრობითი,24-27,6-9 წელი,Network Administrator,,,არ ვიყენებთ,კი,არ ვიყენებთ,,,Both (Full time + Part Time),Remote and office,გემბლინგი,საქართველო,240-300,1500-2000,50-60 %,,,არ მაქვს მიღებული უმაღლესი განათლება,საქართველო,ინგლისური
9/25/2019 21:22:44,"ჯგუფ ""Sysadmins GE""-ში",მამრობითი,24-27,6-9 წელი,Site Reliability Engineer,Go,Laravel,Git,კი,Gitlab CI,,500-1000,Part Time,Remote,ინფორმაციული ტექნოლოგიები,გერმანია,0-40,,,,meh განათლების დედაბუდიანი რეფორმა,არ მაქვს მიღებული უმაღლესი განათლება,გერმანია,ინგლისური
9/25/2019 21:24:25,"ჯგუფ - ""Georgian Web & Mobile Development Industry"" -ში",მამრობითი,0-15,არ მაქვს,Front End Developer,Javascript,jQuery,არ ვიყენებთ,არა,არ ვიყენებთ,0-10,0-10,არ ვარ დასაქმებული,Remote and office,,საქართველო,0,0-300,,,,არ მაქვს მიღებული უმაღლესი განათლება,საქართველო,ინგლისური
9/25/2019 22:30:16,"ჯგუფ - ""Georgian Web & Mobile Development Industry"" -ში",მამრობითი,21-24,0-1 წელი,Front End Developer,Javascript,Angular,Git,,არ ვიყენებთ,,0-10,Full Time,Office,ინფორმაციული ტექნოლოგიები,საქართველო,160-240,1000-1500,40-50 %,,სკოლაში უნდა დაინერგოს ,ვსწავლობ -  bachelor,საქართველო,ინგლისური
9/25/2019 22:42:43,"ჯგუფ - ""Georgian Web & Mobile Development Industry"" -ში",მამრობითი,27-30,6-9 წელი,Back End Developer,SQL,,Subversion,კი,Jenkins,100-200,,Full Time,Office,ფინანსები,საქართველო,160-200,7k-10k,90 - 100 %,3.7-3.8,,დავამთავრე - master,საქართველო,ქართული
9/25/2019 23:14:14,"ჯგუფ - ""Georgian Web & Mobile Development Industry"" -ში",მამრობითი,24-27,2-4 წელი,Back End Developer,Ruby,Rails,Git,კი,არ ვიყენებთ,,10-20,Part Time,Office,სამედიცინო სფერო,საქართველო,160-200,2k-3k,40-50 %,2.5-3,,დავამთავრე -  bachelor,საქართველო,ქართული
9/25/2019 23:27:21,Linkedin-ზე,მდედრობითი,30-35,4-6 წელი,Business Analyst,Php,Laravel,Git,არა,არ ვიყენებთ,400-700,,Full Time,Office,სადაზღვევო სფერო,საქართველო,300-400,3k-4k,,4,,დავამთავრე - master,გერმანია,ქართული
9/25/2019 23:37:12,"ჯგუფ - ""Georgian Web & Mobile Development Industry"" -ში",მამრობითი,24-27,2-4 წელი,Back End Developer,C#,.Net Core,Git,კი,არ ვიყენებთ,0-10,0-10,Full Time,Office,ინფორმაციული ტექნოლოგიები,საქართველო,160-200,1000-1500,70-80 %,3.5-3.7,"საჭიროა მეტი განათლება, მეტი სამუშაო ადგილი და უკეთესი ანაზღაურება.",ვსწავლობ - master,საქართველო,ქართული
9/26/2019 0:13:12,Linkedin-ზე,მდედრობითი,30-35,4-6 წელი,Product Manager,Javascript,React,Git,კი,Jenkins,,,Full Time,Office,ინფორმაციული ტექნოლოგიები,საქართველო,0-40,1000-1500,80-90 %,,კადრები მოამზადოს და რიმოუთ პროექტები მიიღოს(ორგანიზებულად),დავამთავრე -  bachelor,საქართველო,ქართული
9/26/2019 0:13:16,"ჯგუფ - ""Georgian Web & Mobile Development Industry"" -ში",მამრობითი,27-30,6-9 წელი,System Administrator,C#,.Net,Git,არა,არ ვიყენებთ,0-10,,Both (Full time + Part Time),Remote and office,,საქართველო,0-40,2k-3k,70-80 %,,ტექნონპარჯის მსგავსი დაწესებულებები ბევრი უნდა შეიმნას :)),დავამთავრე - master,საქართველო,ქართული
9/26/2019 0:16:26,"ჯგუფ - ""Georgian Web & Mobile Development Industry"" -ში",მამრობითი,24-27,4-6 წელი,Front End Developer,Javascript,React,Git,კი,Jenkins,0-10,0-10,Both (Full time + Part Time),Remote and office,ინფორმაციული ტექნოლოგიები,პოლონეთი,100-160,7k-10k,80-90 %,3-3.5,Share knowledge,ვსწავლობ - master,საქართველო,ინგლისური
9/26/2019 0:38:08,"ჯგუფ - ""Georgian Web & Mobile Development Industry"" -ში",მამრობითი,24-27,12-15 წელი,IT Manager,Php,Laravel,არ ვიყენებთ,არა,არ ვიყენებთ,,,Both (Full time + Part Time),Remote and office,გემბლინგი,საქართველო,300-400,5k-6k,,1.5-2,მეტი კურსები,არ მაქვს მიღებული უმაღლესი განათლება,საქართველო,ქართული
9/26/2019 0:39:53,"ჯგუფ - ""Georgian Web & Mobile Development Industry"" -ში",მამრობითი,27-30,6-9 წელი,Full Stack Developer,Javascript,React,Git,კი,არ ვიყენებთ,,,Part Time,Remote,ინფორმაციული ტექნოლოგიები,საქართველო,0-40,5k-6k,60-70 %,,უფასო სწავლა და კურსები. მეტი ყურადღება მოსწავლეებს და მოტივაცია. მეტი აქტივობები.,დავამთავრე -  bachelor,საქართველო,ქართული
9/26/2019 0:40:57,,მამრობითი,30-35,9-12 წელი,System Administrator,,.Net,,კი,Teamcity,,,Both (Full time + Part Time),Remote and office,ინფორმაციული ტექნოლოგიები,საქართველო,,7k-10k,,,,დავამთავრე -  bachelor,საქართველო,ქართული
9/26/2019 0:42:10,"ჯგუფ - ""Georgian Web & Mobile Development Industry"" -ში",მდედრობითი,24-27,2-4 წელი,QA Engineer,Javascript,Angular,Git,კი,არ ვიყენებთ,0-10,0-10,Full Time,Office,ფინანსები,საქართველო,40-100,500-1000,40-50 %,1.5-2,პოპულარიზაცია ბავშვებში,ვსწავლობ - master,საქართველო,ქართული
9/26/2019 0:51:50,.NET Georgian Enthusiasts and Developers,მამრობითი,27-30,6-9 წელი,Full Stack Developer,C#,.Net Core,Git,კი,არ ვიყენებთ,0-10,0-10,Both (Full time + Part Time),Remote and office,ფინანსები,საქართველო,160-240,4k-5k,60-70 %,3-3.5,სწორი მენეჯმენტი,დავამთავრე -  bachelor,საქართველო,ქართული
9/26/2019 1:20:37,,მამრობითი,15-18,არ მაქვს,,Python,Django,Git,არა,არ ვიყენებთ,0-10,0-10,არ ვარ დასაქმებული,,,საქართველო,,,,,,,,
9/26/2019 1:40:39,"ჯგუფ - ""Georgian Web & Mobile Development Industry"" -ში",მამრობითი,24-27,1-2 წელი,Back End Developer,Php,Laravel,Git,არა,არ ვიყენებთ,,,Full Time,Office,ინფორმაციული ტექნოლოგიები,საქართველო,160-200,1500-2000,50-60 %,1-1.5,,დავამთავრე -  PHD,საქართველო,ქართული
9/26/2019 7:48:12,"ჯგუფ - ""Georgian Web & Mobile Development Industry"" -ში",მამრობითი,45-50,12-15 წელი,Back End Developer,Php,Codeigniter,არ ვიყენებთ,არა,არ ვიყენებთ,0-10,0-10,Part Time,Remote,ecommerce,საქართველო,160-240,2k-3k,,,"ძალიან ბევრი რამ.  ფრილანსით უცხოეთიდან შემოდინებული თანხების განთავისუფლება დაბეგვრისაგან, დასაქმებულებისთვის ტრენინგების დაფინანსება დამსაქმებლისაგან და დროის გამოყოფა განვითარებისთვის.  და ასე შემდეგ ",არ მაქვს მიღებული უმაღლესი განათლება,საქართველო,ქართული
9/26/2019 8:30:31,Linkedin-ზე,მამრობითი,24-27,არ მაქვს,Front End Developer,Javascript,Vue,Git,არა,არ ვიყენებთ,0-10,0-10,არ ვარ დასაქმებული,Remote,ინფორმაციული ტექნოლოგიები,საქართველო,160-200,1000-1500,,0-0.5,დიახ,არ მაქვს მიღებული უმაღლესი განათლება,საქართველო,ქართული
9/26/2019 8:52:48,,მამრობითი,30-35,12-15 წელი,System Administrator,,,,,,,,Full Time,Office,გემბლინგი,საქართველო,240-300,5k-6k,70-80 %,2-2.5,"ბაზრის ზრდასთან ერტად გავიზრდებით, ძალით გაკეთებული არ არის საჭირო და არც ტექნოპარკის მიერ ყლეურად გადაყრილი გრანტები",დავამთავრე -  bachelor,საქართველო,
9/26/2019 8:58:39,,მამრობითი,40-45,20-25 წელი,Network Administrator,,,Git,არა,არ ვიყენებთ,0-10,0-10,Full Time,Remote and office,,საქართველო,40-100,7k-10k,,0-0.5,,დავამთავრე -  bachelor,საქართველო,ქართული
9/26/2019 9:08:23,"ჯგუფ - ""Remote Work - Georgian Community"" -ში",მამრობითი,24-27,1-2 წელი,Support Specialist,,,,,,,,Both (Full time + Part Time),Remote and office,ინფორმაციული ტექნოლოგიები,საქართველო,160-240,1000-1500,80-90 %,3.7-3.8,,დავამთავრე -  bachelor,საქართველო,ინგლისური
9/26/2019 9:32:57,Facebook,მამრობითი,30-35,9-12 წელი,System Administrator,,.Net,არ ვიყენებთ,არა,არ ვიყენებთ,,,Full Time,Office,გემბლინგი,საქართველო,240-300,,,,,დავამთავრე -  bachelor,საქართველო,ქართული
9/26/2019 10:55:59,"ჯგუფ - ""Georgian Web & Mobile Development Industry"" -ში",მამრობითი,18-21,1-2 წელი,Support Specialist,,,,არა,არ ვიყენებთ,,,,Office,სამედიცინო სფერო,საქართველო,160-200,500-1000,80-90 %,1.5-2,,ვსწავლობ -  bachelor,საქართველო,ქართული
9/26/2019 11:46:39,"ჯგუფ - ""Georgian Web & Mobile Development Industry"" -ში",მამრობითი,24-27,არ მაქვს,Front End Developer,Javascript,Angular,Git,არა,Jenkins,200-400,20-50,არ ვარ დასაქმებული,Office,სადაზღვევო სფერო,საქართველო,100-160,1500-2000,50-60 %,2.5-3,,ვსწავლობ -  bachelor,საქართველო,ქართული
9/26/2019 12:15:19,Linkedin-ზე,მამრობითი,21-24,4-6 წელი,Back End Developer,C#,.Net Core,Git,კი,Jenkins,400-700,0-10,Both (Full time + Part Time),Remote,ინფორმაციული ტექნოლოგიები,საქართველო,160-240,10k-15k,90 - 100 %,2-2.5,"ბევრი ფაქტორია, პირველ რიგში კონსერვანტი მემარჯვენეები უნდა ჩამოვიცილოთ, სკოლებში დაიწყოს პროგრამირების შესწავლა, უნივერსიტეტებში გაუმჯობესდეს სწავლის დონე.",დავამთავრე -  bachelor,ამერიკის შეერთებული შტატები,ინგლისური
9/26/2019 12:26:12,"ჯგუფ - ""Georgian Web & Mobile Development Industry"" -ში",მამრობითი,24-27,9-12 წელი,,,,არ ვიყენებთ,არა,არ ვიყენებთ,100k+,10k+,,Remote and office,გემბლინგი,საქართველო,160-240,7k-10k,70-80 %,3.5-3.7,,დავამთავრე -  PHD,საქართველო,ინგლისური
9/26/2019 13:07:31,"ჯგუფ ""Sysadmins GE""-ში",მამრობითი,27-30,9-12 წელი,Network Administrator,Cisco IOS,Cisco IOS,არ ვიყენებთ,არა,არ ვიყენებთ,,,Both (Full time + Part Time),Remote and office,ფინანსები,საქართველო,240-300,3k-4k,80-90 %,3.5-3.7,სახელმწიფო სამსახურებში უნდა დაიწყონ IT ების მიხედვა,ვსწავლობ - PHD,საქართველო,ქართული
9/26/2019 13:13:47,"ჯგუფ ""Sysadmins GE""-ში",მამრობითი,35-40,12-15 წელი,System Administrator,,,,არა,არ ვიყენებთ,0-10,0-10,Both (Full time + Part Time),Office,non-profit,საქართველო,40-100,4k-5k,,,,დავამთავრე - master,საქართველო,ინგლისური
9/26/2019 14:13:06,"ჯგუფ - ""Georgian Web & Mobile Development Industry"" -ში",მამრობითი,24-27,2-4 წელი,Full Stack Developer,Php,Laravel,Git,არა,არ ვიყენებთ,0-10,0-10,Full Time,Office,მარკეტინგი,საქართველო,40-100,1500-2000,80-90 %,3-3.5,,ვსწავლობ - master,საქართველო,ქართული
9/26/2019 16:04:20,Linkedin-ზე,მამრობითი,24-27,6-9 წელი,Mobile Apps Developer,Javascript,React,Git,კი,AppCenter,200-400,100-500,Both (Full time + Part Time),Remote,ინფორმაციული ტექნოლოგიები,საქართველო,40-100,15k-20k,80-90 %,0-0.5,უნივერსიტეტებში ნძრევა ლექტორების გაგდება,ვსწავლობ - PHD,ამერიკის შეერთებული შტატები,ინგლისური
9/26/2019 17:26:22,"ჯგუფ ""Sysadmins GE""-ში",მამრობითი,21-24,2-4 წელი,Support Specialist,,,,კი,არ ვიყენებთ,,,Full Time,Remote and office,ფინანსები,საქართველო,160-200,1000-1500,80-90 %,,,ვსწავლობ - master,,ქართული
9/26/2019 17:48:15,"ჯგუფ - ""Georgian Web & Mobile Development Industry"" -ში",მამრობითი,24-27,9-12 წელი,Back End Developer,Php,Laravel,Git,კი,არ ვიყენებთ,0-10,0-10,Full Time,Office,ინფორმაციული ტექნოლოგიები,საქართველო,400+,5k-6k,70-80 %,,ყველამ თავისი საქმე აკეთოს,დავამთავრე -  bachelor,საქართველო,ქართული
9/26/2019 19:43:35,Facebook,მამრობითი,30-35,12-15 წელი,Support Specialist,Python,,Git,კი,არ ვიყენებთ,200-400,,Full Time,Remote and office,ინფორმაციული ტექნოლოგიები,საქართველო,40-100,2k-3k,80-90 %,,"მეტი ხელფასი IT სფეროში და მეტი კადრების სტუდენტებიდან შერჩევა, უმეტესად ვისაც რუსეთს არ უნდა რომ დავემსგავსოთ",არ მაქვს მიღებული უმაღლესი განათლება,საქართველო,ინგლისური
9/27/2019 20:51:17,"ჯგუფ - ""Georgian Web & Mobile Development Industry"" -ში",მამრობითი,30-35,12-15 წელი,Full Stack Developer,C#,.Net Core,Git,კი,Teamcity,2000-5000,10-20,Part Time,Remote,ინფორმაციული ტექნოლოგიები,საქართველო,0-40,10k-15k,90 - 100 %,,,დავამთავრე - master,ამერიკის შეერთებული შტატები,ინგლისური
9/28/2019 0:40:00,"ჯგუფ - ""Georgian Web & Mobile Development Industry"" -ში",მამრობითი,24-27,1-2 წელი,Back End Developer,Php,Laravel,Git,არა,არ ვიყენებთ,0-10,,Full Time,Remote and office,ოლიმპიადები,საქართველო,100-160,6k-7k,,4,"ტრენინგები, ასოცირებული პროფესორების მოყვანა, ჰაკათონები",ვსწავლობ - master,საქართველო,ინგლისური
9/28/2019 11:16:52,,მდედრობითი,30-35,9-12 წელი,QA Engineer,,,Git,კი,,,,Full Time,Office,ინფორმაციული ტექნოლოგიები,საქართველო,,4k-5k,,,,ვსწავლობ - master,საქართველო,ქართული
9/28/2019 19:32:10,"ჯგუფ - ""Georgian Web & Mobile Development Industry"" -ში",მამრობითი,15-18,არ მაქვს,Back End,Typescript,React,Git,არა,Travis,,0-10,არ ვარ დასაქმებული,,,საქართველო,,,,,,,საქართველო,ინგლისური
9/28/2019 20:11:45,"ჯგუფ - ""Remote Work - Georgian Community"" -ში",მამრობითი,27-30,9-12 წელი,Full Stack Developer,Javascript,React,Git,კი,Jenkins,400-700,0-10,Both (Full time + Part Time),Remote,ინფორმაციული ტექნოლოგიები,საქართველო,160-240,15k-20k,70-80 %,,საგადასახადო კანონმდებლობის გამარტივება,dropped out,გერმანია,ინგლისური
9/29/2019 0:49:09,DevOps Georgia Group,მამრობითი,27-30,6-9 წელი,Data Engineer,Python,,Git,კი,Jenkins,100-200,,Full Time,Office,გადაზიდვები,გერმანია,100-160,,90 - 100 %,3-3.5,უმაღლესი განათლების სფერო უნდა განვითარდეს და გაუწიოს კონკურენცია ონლაინ მასალას; კომპანიებმა უნდა შეუწყონ ხელი თანამშრომლების სწავლისთვის დროისა და ფინანსური რესურსის გამოყოფას; სახელმწიფომ უნდა ხელი შეუწყოს საზღვარგარეთ არსებული მოწინავე IT კომპანიების დაინტერესებას ინვესტირების და პარტნიორობის კუთხით.,დავამთავრე - master,გერმანია,ინგლისური
9/29/2019 23:36:22,"ჯგუფ - ""Georgian Web & Mobile Development Industry"" -ში",მამრობითი,18-21,0-1 წელი,Support Specialist,Python,,,,,,,Full Time,Office,ფინანსები,საქართველო,0-40,500-1000,70-80 %,3-3.5,"მეტი საინფორმაციო პროექტები უნდა შეიმქნას რო დააინტერესოს ხალხი ამ სფერომ, და ქართულად იყოს სასწავლო მასალა ხელმისაწვდომი",ვსწავლობ -  bachelor,საქართველო,ქართული
9/30/2019 17:39:05,"ჯგუფ - ""Georgian Web & Mobile Development Industry"" -ში",მამრობითი,24-27,4-6 წელი,Full Stack Developer,Javascript,Angular,Git,კი,არ ვიყენებთ,1000-2000,0-10,Full Time,Office,ინფორმაციული ტექნოლოგიები,საქართველო,160-240,4k-5k,70-80 %,1.5-2,,ვსწავლობ -  bachelor,საქართველო,ქართული
9/30/2019 19:17:36,"ჯგუფ - ""Georgian Web & Mobile Development Industry"" -ში",მამრობითი,21-24,6-9 წელი,Full Stack Developer,C#,.Net Core,Git,კი,Teamcity,200-400,50-100,Full Time,Office,ინფორმაციული ტექნოლოგიები,ისრაელი,160-200,15k-20k,80-90 %,2.5-3,,დავამთავრე -  bachelor,ისრაელი,ინგლისური
9/30/2019 19:27:52,"ჯგუფ - ""Georgian Web & Mobile Development Industry"" -ში",მამრობითი,24-27,6-9 წელი,Front End Developer,Javascript,React,Git,კი,Jenkins,,,Full Time,Remote,ინფორმაციული ტექნოლოგიები,საქართველო,100-160,15k-20k,60-70 %,,,არ მაქვს მიღებული უმაღლესი განათლება,ამერიკის შეერთებული შტატები,ინგლისური
9/30/2019 22:21:39,"ჯგუფ - ""Georgian Web & Mobile Development Industry"" -ში",მდედრობითი,18-21,2-4 წელი,Data Scientist,Python,Rails,არ ვიყენებთ,კი,არ ვიყენებთ,1000-2000,20-50,Both (Full time + Part Time),Remote and office,ინფორმაციული ტექნოლოგიები,საქართველო,300-400,30k-50k,80-90 %,3.9-3.99,,ვსწავლობ -  bachelor,გერმანია,ინგლისური
10/1/2019 0:30:09,"ჯგუფ - ""Georgian Web & Mobile Development Industry"" -ში",მამრობითი,27-30,6-9 წელი,Front End Developer,Javascript,Laravel,Git,არა,არ ვიყენებთ,10-100,0-10,Both (Full time + Part Time),Remote,ინფორმაციული ტექნოლოგიები,საქართველო,100-160,4k-5k,80-90 %,1.5-2,"საზოგადოებაში უნდა შეიცვალოს მენტალიტეტი ""თუ დიპლომი არ გაქვს კაცი არა ხარ"" და ბავშვები უნდა სწავლობდნენ პროფესიას სკოლის შემდეგ და არ უნდა აბარებდნენ უნივერსიტეტში თუ მეცნიერებაში არ აპირებენ მოღვაწეობას.",არ მაქვს მიღებული უმაღლესი განათლება,ამერიკის შეერთებული შტატები,ინგლისური
10/2/2019 9:51:26,"ჯგუფ - ""Georgian Web & Mobile Development Industry"" -ში",მამრობითი,30-35,9-12 წელი,Support Specialist,Javascript,.Net,არ ვიყენებთ,არა,არ ვიყენებთ,0-10,0-10,Full Time,,ინფორმაციული ტექნოლოგიები,საქართველო,300-400,1000-1500,,,,არ მაქვს მიღებული უმაღლესი განათლება,საქართველო,ქართული
10/2/2019 11:43:30,Linkedin-ზე,მამრობითი,30-35,12-15 წელი,Mobile Apps Developer,Swift,,Git,კი,,400-700,,Both (Full time + Part Time),Remote and office,ინფორმაციული ტექნოლოგიები,საქართველო,160-200,4k-5k,,,,დავამთავრე -  bachelor,საქართველო,ქართული
10/2/2019 12:11:52,Linkedin-ზე,მამრობითი,18-21,0-1 წელი,Full Stack Developer,Javascript,React,Git,არა,არ ვიყენებთ,10-100,0-10,Part Time,Office,ფინანსები,საქართველო,0-40,0-300,60-70 %,1-1.5,ტექნოლოგიური ლაბორატორიები და თავისუფალი სამუშაო სივრცეები უნდა მოეწყოს რეგიონებში და თბილისის გარდა სხვა ძირითად ქალაქებში.,ვსწავლობ -  bachelor,საქართველო,ქართული
10/2/2019 17:42:44,"ჯგუფ ""Sysadmins GE""-ში",მამრობითი,27-30,12-15 წელი,Network Administrator,,,,კი,არ ვიყენებთ,,,Both (Full time + Part Time),Remote and office,ინფორმაციული ტექნოლოგიები,საქართველო,400+,2k-3k,90 - 100 %,3.5-3.7,,ვსწავლობ - master,საქართველო,ქართული
10/2/2019 20:57:50,.NET Georgian Enthusiasts and Developers,მამრობითი,18-21,0-1 წელი,Support Specialist,C#,.Net,არ ვიყენებთ,არა,არ ვიყენებთ,0-10,0-10,Full Time,Office,სადაზღვევო სფერო,საქართველო,160-200,1000-1500,60-70 %,3.7-3.8,,ვსწავლობ -  bachelor,საქართველო,ინგლისური
10/4/2019 16:02:11,,მამრობითი,24-27,4-6 წელი,Full Stack Developer,C#,.Net,Git,არა,Azure,10-100,0-10,Full Time,Remote,Sport events and facility management,საქართველო,160-200,6k-7k,90 - 100 %,1.5-2,"უნდა მოხდეს ქართულ კომპანიებში გამოცდილების დაგროვება, ამისთვის საჭიროა რომ შეიქმნას ძლიერი ქართული კომპანიები რომლებიც კონკურენტუნარიანი იქნებიან მსოფლიოს მასშტაბით და შეეძლებათ კონკურენტუნარიანი ანაზღაურება შესთავაზონ თანამშრომლებს. 
ვინ უნდა გააკეთოს ეს? მე, შენ და სხვა ჩვენნაირებმა.

ჩემი ხააატია საამშობლო..",დავამთავრე -  bachelor,ქუვეითი,ინგლისური
10/5/2019 1:04:28,"ჯგუფ - ""Georgian Web & Mobile Development Industry"" -ში",მამრობითი,21-24,არ მაქვს,Front End Developer,Javascript,React,არ ვიყენებთ,,არ ვიყენებთ,200-400,,არ ვარ დასაქმებული,,,საქართველო,,,80-90 %,3-3.5,უცხოურ ბაზარზე გასვლა უნდა გამარტივდეს,ვსწავლობ - master,,ინგლისური
10/6/2019 15:39:13,Linkedin-ზე,მდედრობითი,21-24,1-2 წელი,Back End Developer,Php,Laravel,Git,არა,არ ვიყენებთ,0-10,0-10,Both (Full time + Part Time),Remote,ფინანსები,საქართველო,160-200,2k-3k,80-90 %,1.5-2,,ვსწავლობ -  bachelor,საქართველო,ქართული
10/8/2019 11:13:36,"ჯგუფ - ""Remote Work - Georgian Community"" -ში",მამრობითი,24-27,1-2 წელი,Database Administrator,SQL,.Net,Git,არა,Travis,700-1000,50-100,Full Time,Office,გემბლინგი,საქართველო,100-160,1000-1500,70-80 %,3.7-3.8,,ვსწავლობ - PHD,საქართველო,ქართული
10/8/2019 13:12:37,Linkedin-ზე,მამრობითი,30-35,4-6 წელი,Full Stack Developer,Php,.Net,არ ვიყენებთ,არა,არ ვიყენებთ,0-10,0-10,Both (Full time + Part Time),Remote and office,სამედიცინო სფერო,საქართველო,400+,2k-3k,,3.5-3.7,,დავამთავრე -  bachelor,საქართველო,ქართული
10/10/2019 13:51:08,Linkedin-ზე,მამრობითი,24-27,4-6 წელი,Full Stack Developer,C#,.Net Core,Git,არა,Azure,0-10,0-10,Full Time,Remote and office,ინფორმაციული ტექნოლოგიები,ესტონეთი,100-160,10k-15k,90 - 100 %,3-3.5,,დავამთავრე -  bachelor,ესტონეთი,ინგლისური
10/11/2019 22:07:53,Linkedin-ზე,მამრობითი,15-18,1-2 წელი,Back End Developer,Javascript,express,Git,კი,Travis,10-100,0-10,Full Time,Office,,საქართველო,100-160,3k-4k,,,მეტი ყურადღება მიაქციოს ახალგაზრდებს :),არ მაქვს მიღებული უმაღლესი განათლება,საქართველო,ქართული
10/12/2019 11:49:28,Linkedin-ზე,მამრობითი,35-40,12-15 წელი,Back End Developer,SQL,,Git,კი,Jenkins,,,,Office,ფინანსები,საქართველო,160-200,3k-4k,,,,დავამთავრე - master,საქართველო,ქართული
10/14/2019 10:21:55,Linkedin-ზე,მამრობითი,27-30,1-2 წელი,Front End Developer,Javascript,Angular,Git,კი,Jenkins,10-100,0-10,Full Time,Office,ინფორმაციული ტექნოლოგიები,საქართველო,160-200,1000-1500,80-90 %,,,დავამთავრე -  bachelor,საქართველო,ინგლისური
10/15/2019 13:03:03,"ჯგუფ - ""Georgian Web & Mobile Development Industry"" -ში",მამრობითი,21-24,4-6 წელი,Support Specialist,,.Net,არ ვიყენებთ,არა,არ ვიყენებთ,400-700,,Full Time,Remote and office,ინფორმაციული ტექნოლოგიები,საქართველო,40-100,1500-2000,90 - 100 %,0-0.5,,არ მაქვს მიღებული უმაღლესი განათლება,საქართველო,ქართული
10/20/2019 23:54:03,"ჯგუფ - ""Remote Work - Georgian Community"" -ში",მამრობითი,30-35,2-4 წელი,System Administrator,,,არ ვიყენებთ,არა,არ ვიყენებთ,,,Full Time,Office,ფინანსები,საქართველო,40-100,1500-2000,,,,დავამთავრე -  bachelor,საქართველო,ქართული
10/30/2019 20:57:31,"ჯგუფ - ""Georgian Web & Mobile Development Industry"" -ში",მამრობითი,35-40,0-1 წელი,Back End Developer,C#,.Net,Git,არა,არ ვიყენებთ,0-10,0-10,Full Time,Office,ინფორმაციული ტექნოლოგიები,საქართველო,100-160,500-1000,,,,დავამთავრე -  bachelor,საქართველო,ქართული
11/17/2019 21:24:16,"ჯგუფ - ""Remote Work - Georgian Community"" -ში",მამრობითი,40-45,25+,Full Stack Developer,C#,.Net Core,Git,კი,Jenkins,,,Both (Full time + Part Time),Remote and office,ინფორმაციული ტექნოლოგიები,საქართველო,100-160,10k-15k,90 - 100 %,,მეტი პროფესიული განათლება,დავამთავრე -  PHD,ამერიკის შეერთებული შტატები,ინგლისური