Timestamp,სქესი,ასაკი, სამუშაო გამოცდილება tech სფეროში,"თქვენს სფეროში სწავლის დაწყებიდან, რამდენ ხანში დაიწყეთ მუშაობა?",რომელ კატეგორიას მიეკუთვნებით ყველაზე მეტად?,რომელი ენით დაიწყეთ პროგრამირების სწავლა?,რომელ პროგრამირების ენას იყენებთ  ამჟამად ძირითადად?, რომელ framework-ს იყენებთ ძირითადად?,Max რამდენი star აქვს თქვენს ყველაზე პოპულარულ პროექტს github-ზე,დასაქმების ტიპი, სამუშაოს ტიპი,სამუშაო ენა,ძირითადი დამსაქმებელი ორგანიზაცის საქმიანობის სფერო ,ქვეყანა სადაც ფიზიკურად იმყოფებით,საშუალო თვიური შემოსავალი ხელზე ლარებში ბოლო 1 წლის მანძილზე,"ქვეყანა, საიდანაც ყველაზე მეტი შემოსავალი გაქვთ მიღებული  ბოლო ერთი წლის მანძილზე",კმაყოფილი ხართ ახლანდელი სამუშაო ადგილით?,17. საშუალოდ რამდენ საათს მუშაობთ თვეში (და არა კვირაში!) ?,"თქვენი აზრით ხელფასის რა რაოდენობა შეეფერება თქვენს ამჟამინდელ ცოდნას და გამოცდილებას (ლარებში, თვიურად)",თქვენი GPA უნივერსიტეტში (თუ სწავლობთ ან დამთავრებული გაქვთ),განათლების დონე,რომელზე მუშაობთ ძირითადად?,რომელ ოპერაციულ სისტემას იყენებთ ძირითადად?,სად გეგმავთ მომავალში პროფესიულ განვითარებას?,"20. რას ურჩევდით თქვენს თავს, ახლა რომ იწყებდეთ თქვენი პროფესიის სწავლას?",დამატებით რა კითხვა დავსვათ მომავალი წლის გამოკითხვაზე?
12/19/2023 23:11:54,მამრობითი,24-26,4-6 წელი,18 თვე - 2 წელი,Back End Developer,C++,C#,.NET Core,0-10,Full Time,Office - Local Projects,ქართული,ფინანსები,საქართველო,5k-6k,საქართველო,არა,100-160,10k-15k,3-3.5,ვსწავლობ/dropout - master,ლეპტოპი,Windows,საქართველოში,"დაამუღამე basic-ები და დაიწყე პროექტების კეთება, tutorial-ების rabbithole-ს არ გაჰყვე.","როგორ ჩამოყალიბდება კითხვად არ ვიცი, მაგრამ მაინტერესებს რამდენად ახდენს გავლენას უკვე ტექ სფეროში რომ მუშაობ, და მიმართულებას შეიცვლო - რამდენად ახდენს ფინანსირ მდგომარეობაზე გავლენას. 'მაგალითად იყავი ფრონტ-ენდ დეველოპერი, გადაწყვიტე უსაფრთხოების შესწავლა, გადახვედი სამუშაოდ ამ მიმართულებით. აი ეს მომენტი მაინტერედებს რამდენად და როგორ აისახება ფინანსურ მდგომარეობაზე"
12/19/2023 23:50:44,მამრობითი,24-26,4-6 წელი,6 თვე - 1 წელი,System Administrator,SQL,არც ერთს,არც ერთს,არ მაქვს account,Part Time,Office - Local Projects,ქართული,არასამთავრობო ორგანიზაცია,საქართველო,500-999,საქართველო,არა,100-160,1500-2000,84,დავამთავრე კოლეჯი,Desktop კომპიუტერი,Windows,საქართველოში,ქვეყნიდან წასვლას,
12/22/2023 2:52:38,მამრობითი,21-23,4-6 წელი,0-3 თვე,Back End Developer,C++,სამსახურში golang+java/kotlin+python+ts+c/c++ stack,ენების მიხედვით,0-10,Full Time,Office -  International Projects,ინგლისური,hardware,ჩეხეთი,10k-15k,ჩეხეთი,კი,100-160,15k-20k,1.5-2,ვსწავლობ/dropout -  bachelor,ლეპტოპი,Windows + Linux VMs სამუშაოსთვის,,"ბევრად უფრო ადრე დამეწყო ტექნოლოგიების ღრმად გარჩევა და უბრალოდ youtube/stackoverflow კითხვებით არ დავკმაყოფილებულიყავი, ყოველთვის გამომეყენებინა ოფიციალური დოკუმენტაციები.","ეს შეიძლება საქმიანობის სფეროთი გაირკვეს, მაგრამ ძალიან მაინტერესებს რა ტიპის საქმით არიან პროგრამისტები საქართველოში ძირითადად დაკავებული, კონკრეტულად უწევთ თუ არა ტექნოლოგიურად რთული პრობლემების გადაჭრა თუ უფრო მოხშირებულია enterprise/business logic ტიპის პრობლემებზე მუშაობა."
12/22/2023 14:31:30,მამრობითი,18-20,2-4 წელი,18 თვე - 2 წელი,Back End Developer,C#,C#,.NET Core,პროექტებს არ ვასაჯაროვებ,Both (Full time + Part Time),Remote  - Local Projects,ქართული,ფინანსები,საქართველო,5k-6k,საქართველო,კი,240-300,6k-7k,1-1.5,ვსწავლობ/dropout -  bachelor,ლეპტოპი,Macos,საქართველოში,მეტი კონტაქტების შემოკრებას ტექ სფეროში,რამდენ სამსახურში მუშაობთ? საინტერესო იქნება რადგან ერთი სამსახურით ძალიან ცოტა ცხოვრობს და საშუალო რაოდენობები რომ იყოს
12/22/2023 23:18:36,მამრობითი,27-29,2-4 წელი,4-6 თვე,Back End Developer,C++,C#,.NET Core,0-10,Full Time,Remote  - Local Projects,ქართული,ფინანსები,საქართველო,6k-7k,საქართველო,კი,100-160,7k-10k,1.5-2,დავამთავრე -  bachelor,ლეპტოპი,Windows,საქართველოში,პროგრამირების საფუძველბის სწორად და კარგად გააზრებას,
12/24/2023 12:38:21,მამრობითი,27-29,2-4 წელი,არ ვმუშაობ,Full Stack Developer,Javascript,PHP,Laravel,0-10,არ ვარ დასაქმებული,Remote  - International Projects,ქართული,ინფორმაციული ტექნოლოგიები,საქართველო,500-999,საქართველო,არა,40-100,2k-3k,1.5-2,დავამთავრე კოლეჯი,Desktop კომპიუტერი,Windows,საქართველოში,მეტი პრაქტიკა და პრაქტიკული დავალებებისა თუ სავარჯიშოების შესრულება ,
12/24/2023 14:24:51,მამრობითი,24-26,4-6 წელი,6 თვე - 1 წელი,Front End Developer,Javascript,TypeScript,React,0-10,Full Time,Remote  - International Projects,ინგლისური,ინფორმაციული ტექნოლოგიები,ესტონეთი,3k-4k,ამერიკის შეერთებული შტატები,კი,40-100,5k-6k,2.5-3,დავამთავრე -  bachelor,ლეპტოპი,Macos,საქართველოში,უფრო მეტი დროის დათმობა სწავლაზე,
12/24/2023 15:25:28,მამრობითი,21-23,1-2 წელი,18 თვე - 2 წელი,Full Stack Developer,C++,TypeScript,React,0-10,Part Time,Remote  - International Projects,ინგლისური,ელექტრონული კომერცია,საქართველო,2k-3k,ლატვია,არა,40-100,4k-5k,3.5-3.7,ვსწავლობ/dropout -  bachelor,ლეპტოპი,Linux,,,
12/24/2023 23:22:39,მამრობითი,30-34,9-12 წელი,4-6 წელი,Full Stack Developer,C#,TypeScript,fastify,0-10,Full Time,Office -  International Projects,ქართული,გემბლინგი,საქართველო,10k-15k,საქართველო,არა,160-240,,,დავამთავრე -  bachelor,ლეპტოპი,Macos,საქართველოში,,
12/25/2023 11:40:03,მამრობითი,27-29,2-4 წელი,1 წელი - 18 თვე,Data Scientist,Python,Python,TensorFlow,0-10,Full Time,Remote  - International Projects,ინგლისური,ინფორმაციული ტექნოლოგიები,საქართველო,7k-10k,ამერიკის შეერთებული შტატები,კი,160-200,10k-15k,3.5-3.7,დავამთავრე - master,ლეპტოპი,Macos,საქართველოში,მეტი პრაქტიკული პროექტი ვიდრე თეორიული ცოდნა და კურსი,
12/25/2023 13:54:53,მამრობითი,30-34,6-9 წელი,0-3 თვე,Full Stack Developer,PHP,PHP,Laravel,0-10,Part Time,Remote  - International Projects,ინგლისური,ინფორმაციული ტექნოლოგიები,საქართველო,10k-15k,გერმანია,კი,300-400,25k-30k,2.5-3,დავამთავრე -  bachelor,ლეპტოპი,Macos,ა.შ.შ-ში,,
12/26/2023 16:33:06,მდედრობითი,21-23,2-4 წელი,6 თვე - 1 წელი,QA Engineer,Python,Java,არც ერთს,0-10,არ ვარ დასაქმებული,,ინგლისური,ინფორმაციული ტექნოლოგიები,ლიეტუვა,4k-5k,საქართველო,კი,40-100,4k-5k,2-2.5,ვსწავლობ/dropout -  bachelor,ლეპტოპი,Windows,საქართველოში,იყავი რაც შეიძლება ინტერესიანი და ყველაზე მთავარია რომ ისწავლო რაღაც ყოველდღე!,
12/27/2023 13:41:58,მამრობითი,30-34,9-12 წელი,4-6 თვე,Back End Developer,C#,C#,.NET Core,0-10,Both (Full time + Part Time),Office -  International Projects,ინგლისური,ინფორმაციული ტექნოლოგიები,Denmark,10k-15k,Denmark,კი,40-100,20k-25k,,მხოლოდ სკოლა,ლეპტოპი,Macos,ა.შ.შ-ში,,
12/27/2023 13:56:25,მამრობითი,27-29,9-12 წელი,0-3 თვე,Business Analyst,არ დამიწყია,არც ერთს,არც ერთს,არ მაქვს account,Both (Full time + Part Time),Remote  - International Projects,ინგლისური,გემბლინგი,საქართველო,7k-10k,საქართველო,კი,240-300,7k-10k,არ დამიმთავრებია,ვსწავლობ/dropout -  bachelor,ლეპტოპი,Macos,საქართველოში,,
12/27/2023 17:53:00,მამრობითი,24-26,4-6 წელი,1 წელი - 18 თვე,Front End Developer,TypeScript,TypeScript,React,0-10,Full Time,Remote  - International Projects,ინგლისური,ფინანსები,ა.შ.შ,20k-25k,ამერიკის შეერთებული შტატები,კი,100-160,25k-30k,2.5-3,დავამთავრე - master,ლეპტოპი,Macos,ა.შ.შ-ში,"ბევრი მუშაობა საკუთარ თავზე, პროფესიული თვალსაზრისის გარდა. სხვა სიტყვებით: ცხოვრების ნახვა.",
12/27/2023 17:53:17,მამრობითი,30-34,4-6 წელი,1 წელი - 18 თვე,Back End Developer,C#,Java,Spring,0-10,არ ვარ დასაქმებული,Office - Local Projects,ქართული,სამთავრობო ორგანიზაცია,საქართველო,3k-4k,საქართველო,არა,100-160,6k-7k,0-0.5,დავამთავრე -  bachelor,Desktop კომპიუტერი,Windows,გერმანიაში,C++,
12/27/2023 17:54:04,მამრობითი,21-23,2-4 წელი,4-6 თვე,Mobile Apps Developer,Java,Swift,Uikit,0-10,Both (Full time + Part Time),Hybrid,ინგლისური,ფინანსები,საქართველო,6k-7k,საქართველო,კი,400+,7k-10k,3.7-3.8,დავამთავრე -  bachelor,ლეპტოპი,Macos,ა.შ.შ-ში,,
12/27/2023 17:54:28,მამრობითი,27-29,2-4 წელი,4-6 თვე,Full Stack Developer,C#,C#,.NET,,Full Time,Remote  - Local Projects,ქართული,სადაზღვევო სფერო,საქართველო,4k-5k,საქართველო,კი,160-240,7k-10k,1-1.5,ვსწავლობ/dropout -  bachelor,ლეპტოპი,Windows,ა.შ.შ-ში,უფრო ადრე დამეწყო.,
12/27/2023 17:55:43,მამრობითი,27-29,9-12 წელი,1 წელი - 18 თვე,Full Stack Developer,C++,Javascript,React,0-10,Full Time,Remote  - International Projects,ინგლისური,ინფორმაციული ტექნოლოგიები,საქართველო,20k-25k,ამერიკის შეერთებული შტატები,კი,160-200,20k-25k,1.5-2,ვსწავლობ/dropout -  bachelor,ლეპტოპი,Macos,საქართველოში,მეტი პრაქტიკა პირველივე დღიდან,
12/27/2023 17:56:32,მამრობითი,30-34,12-15 წელი,18 თვე - 2 წელი,Back End Developer,C#,C#,.NET Core,0-10,Full Time,Office -  International Projects,ინგლისური,ფინანსები,საქართველო,15k-20k,საქართველო,კი,160-200,15k-20k,3.8-3.9,დავამთავრე - master,ლეპტოპი,Windows,საქართველოში,,
12/27/2023 18:02:13,მამრობითი,18-20,არ მაქვს,არ ვმუშაობ,Front End Developer,C,Javascript,React,0-10,არ ვარ დასაქმებული,,ინგლისური,ინფორმაციული ტექნოლოგიები,საქართველო,0-299,,,,,2.5-3,ვსწავლობ/dropout -  bachelor,ლეპტოპი,Windows,საქართველოში,დამეწყო საფუძვლინად და სწორად,როგორ დასაქმდი? ნათესაობით თუ სვ მოეწონათ
12/27/2023 18:02:23,მამრობითი,24-26,4-6 წელი,4 წელი,Front End Developer,C++,Javascript,React,0-10,Full Time,Hybrid Both local / International  projects, Georgian / English,ინფორმაციული ტექნოლოგიები,საქართველო,10k-15k,საქართველო,კი,160-200,10k-15k,3.5-3.7,დავამთავრე - master,ლეპტოპი,Windows,საქართველოში,Ask questions  and Keep going,
12/27/2023 18:04:40,მამრობითი,27-29,6-9 წელი,18 თვე - 2 წელი,Front End Developer,C++,Javascript,არც ერთს,0-10,თვითდასაქმებული,Remote  - International Projects,ინგლისური,ფინანსები,საქართველო,4k-5k,ისრაელი,კი,240-300,15k-20k,1.5-2,დავამთავრე -  bachelor,ლეპტოპი,Macos,ა.შ.შ-ში,"ნაკლები თეორია, მეტი პრაქტიკა, მეტი თავდაჯერება",
12/27/2023 18:06:07,მამრობითი,24-26,6-9 წელი,6 თვე - 1 წელი,Back End Developer,PHP,PHP,Laravel,0-10,Full Time,Office - Local Projects,ქართული,ფინანსები,საქართველო,5k-6k,საქართველო,კი,100-160,5k-6k,,დავამთავრე კოლეჯი,Desktop კომპიუტერი,Linux,საქართველოში,,
12/27/2023 18:06:09,მამრობითი,27-29,6-9 წელი,6 თვე - 1 წელი,Full Stack Developer,PHP,PHP,არც ერთს,არ მაქვს account,Full-time Freelance,Remote  - International Projects,ინგლისური,ინფორმაციული ტექნოლოგიები,საქართველო,6k-7k,საქართველო,კი,100-160,6k-7k,2-2.5,დავამთავრე - master,ლეპტოპი,Windows,საქართველოში,,
12/27/2023 18:07:21,მამრობითი,27-29,4-6 წელი,6 თვე - 1 წელი,Front End Developer,C++,TypeScript,React,0-10,Both (Full time + Part Time),Remote  - International Projects,ინგლისური,ინფორმაციული ტექნოლოგიები,საქართველო,15k-20k,ისრაელი,კი,240-300,25k-30k,3-3.5,ვსწავლობ/dropout -  bachelor,ლეპტოპი,Macos,პოლონეთში,ნაკლები ინერვიულოს პატარა პრობლემებზე,
12/27/2023 18:10:01,მამრობითი,24-26,4-6 წელი,4-6 თვე,DevOps Engineer,Python,Python,,არ მაქვს account,Full Time,Office -  International Projects,ინგლისური,არასამთავრობო ორგანიზაცია,საქართველო,5k-6k,ამერიკის შეერთებული შტატები,კი,40-100,7k-10k,1.5-2,დავამთავრე -  bachelor,Desktop კომპიუტერი,Linux,საქართველოში,,
12/27/2023 18:10:17,მამრობითი,30-34,4-6 წელი,3 წელი,Back End Developer,C,C#,.NET,0-10,Full Time,Remote  - International Projects,ქართული,გემბლინგი,საქართველო,2k-3k,საქართველო,კი,100-160,2k-3k,2.5-3,დავამთავრე -  bachelor,ლეპტოპი,Windows,საქართველოში,,
12/27/2023 18:10:28,მამრობითი,27-29,9-12 წელი,0-3 თვე,Full Stack Developer,C++,PHP,არც ერთს,არ მაქვს account,Part Time,Remote  - Local Projects,ქართული,ფინანსები,საქართველო,1500-1999,კანადა,არა,40-100,4k-5k,2.5-3,დავამთავრე -  bachelor,Desktop კომპიუტერი,Windows,საქართველოში,,
12/27/2023 18:11:24,მამრობითი,21-23,2-4 წელი,0-3 თვე,Full Stack Developer,Javascript,Javascript,React,,Full Time,Remote  - International Projects,ქართული,ინფორმაციული ტექნოლოგიები,საქართველო,5k-6k,ინგლისი,კი,40-100,5k-6k,,ვსწავლობ/dropout -  bachelor,ლეპტოპი,Macos,საქართველოში,,"როგორ მოქმედებს მუდმივად სახლიდან მუშაობა ჯანმრთელობაზე, ვგულისხმობ, მაგალითად, წონას ან თუნდაც ფსიქოლოგიურ მგომარეობას"
12/27/2023 18:20:25,მამრობითი,27-29,0-1 წელი,18 თვე - 2 წელი,Front End Developer,Javascript,TypeScript,Angular,0-10,Full Time,Remote  - International Projects,ინგლისური,ინფორმაციული ტექნოლოგიები,საქართველო,2k-3k,საქართველო,კი,160-200,2k-3k,,მხოლოდ სკოლა,ლეპტოპი + მონიტორი(მეორეც უნდა დავამატო),Windows,ა.შ.შ-ში,ბევრი ივარჯიშე საიდ პროექტებზე,უფასო რესურსებით სწავლობთ/ისწავლეთ თუ ფასიანით? ან რა დაგიჯდათ სწავლის პროცესი პირველი სამსახურის შოვნამდე? ვიღაც 0-ს მონიშნავს ვიღაც 2კ-ს ვიღაც 5კ-ს.. წესით საინტერესო მონაცემი იქნებოდა ეგეც.
12/29/2023 16:00:09,მამრობითი,21-23,2-4 წელი,1 წელი - 18 თვე,Back End Developer,C++,Java,Spring,0-10,Full Time,Remote  - Local Projects,ქართული,ელექტროენერგია,საქართველო,3k-4k,საქართველო,კი,40-100,6k-7k,2.5-3,ვსწავლობ/dropout -  bachelor,Desktop კომპიუტერი,Windows,საქართველოში,"ნებისმიერ სამუშაოზე განაცხადის გაგზავნა რომელიც შეგხვდება . არ აქვს მნიშვნელობა ფიქრობ თუ არა რომ მზად ხარ , არ აქვს მნიშვნელობა რამხელა გამოცდილებას ითხოვენ . შენს სასურველ კომპანიაში გასაუბრება ჯობია შენი მეათე გასაუბრება იყოს და არა პირველი .",რამდენად ერკვევით მონაცემთა სტრუქტურებში და ალგორითმებში?
12/29/2023 16:02:21,მამრობითი,30-34,4-6 წელი,3 წელი,Full Stack Developer,C#,TypeScript,React,0-10,Full Time,Remote  - International Projects,ინგლისური,სამედიცინო სფერო,საქართველო,25k-30k,გაერთიანებული სამეფო,კი,160-200,30k-50k,არ იყო ჩემ დროს ეგ,ვსწავლობ/dropout -  bachelor,ლეპტოპი,Macos,საქართველოში,უფრო ადრე დაწყებას,
12/29/2023 16:06:58,მამრობითი,27-29,6-9 წელი,18 თვე - 2 წელი,Back End Developer,Python,Python,Django,,Full Time,Office -  International Projects,ინგლისური,ფინანსები,საქართველო,10k-15k,ესპანეთი,არა,160-200,15k-20k,2-2.5,დავამთავრე -  bachelor,ორივე,Linux,ა.შ.შ-ში,მიაწექი რასაც აკეთებ :),
12/29/2023 16:15:48,მამრობითი,27-29,9-12 წელი,6 თვე - 1 წელი,Full Stack Developer,Java,TypeScript,Nest.js,20-50,Full Time,Remote  - International Projects,ინგლისური,ინფორმაციული ტექნოლოგიები,საქართველო,25k-30k,ამერიკის შეერთებული შტატები,კი,160-200,30k-50k,2.5-3,ვსწავლობ/dropout -  bachelor,ლეპტოპი,Macos,ა.შ.შ-ში,Learn by doing,
12/29/2023 16:31:24,მამრობითი,27-29,4-6 წელი,1 წელი - 18 თვე,DevOps Engineer,C++,Go,არც ერთს,0-10,Both (Full time + Part Time),Remote  - International Projects,ინგლისური,ფინანსები,საქართველო,25k-30k,გერმანია,კი,160-240,10k-15k,1-1.5,დავამთავრე -  bachelor,ლეპტოპი,Macos,საქართველოში,,
12/29/2023 16:34:45,მამრობითი,30-34,4-6 წელი,1 წელი - 18 თვე,Back End Developer,PHP,PHP,Laravel,10-20,არ ვარ დასაქმებული,Office - Local Projects,ქართული,ფინანსები,საქართველო,7k-10k,საქართველო,კი,100-160,7k-10k,არ მაქვს დამთავრებული,მხოლოდ სკოლა,ლეპტოპი,Linux,საქართველოში,,
12/29/2023 16:42:30,მამრობითი,21-23,2-4 წელი,3 წელი,Back End Developer,Java,Java,Spring,,,,ქართული,ინფორმაციული ტექნოლოგიები,საქართველო,3k-4k,საქართველო,არა,160-200,6k-7k,3-3.5,დავამთავრე -  bachelor,ლეპტოპი,Windows,საქართველოში,,
12/29/2023 16:56:03,მამრობითი,30-34,2-4 წელი,1 წელი - 18 თვე,Front End Developer,Javascript,TypeScript,React,0-10,Full Time,Remote  - Local Projects,ქართული,ფინანსები,საქართველო,4k-5k,საქართველო,კი,160-240,5k-6k,3-3.5,დავამთავრე -  bachelor,ლეპტოპი,Windows,საქართველოში,,
12/29/2023 17:36:24,მამრობითი,21-23,6-9 წელი,6 თვე - 1 წელი,Full Stack Developer,Javascript,TypeScript,Node.js,0-10,Both (Full time + Part Time),Remote  - International Projects,ინგლისური,სამედიცინო სფერო,საქართველო,15k-20k,,კი,160-200,15k-20k,2-2.5,დავამთავრე -  bachelor,ლეპტოპი,Macos,,,
12/29/2023 18:46:41,მამრობითი,30-34,2-4 წელი,1 წელი - 18 თვე,Data Visualisation and Data Analysis,R,R,არც ერთს,არ მაქვს account,Part Time,Remote  - Local Projects,ქართული,არასამთავრობო ორგანიზაცია,საქართველო,300-499,ამერიკის შეერთებული შტატები,კი,40-100,7k-10k,3-3.5,დავამთავრე - master,Desktop კომპიუტერი,Macos,საქართველოში,"More statistics, mathematics and data analysis. Generally to be oriented towards methods as they are transferable skills. ",R დაამატე სიაში ) 
12/29/2023 19:02:39,მამრობითი,24-26,1-2 წელი,1 წელი - 18 თვე,Full Stack Developer,Javascript,PHP,Laravel,0-10,Full Time,Remote  - International Projects,ქართული,ინფორმაციული ტექნოლოგიები,საქართველო,2k-3k,საქართველო,კი,160-200,3k-4k,,ვსწავლობ/dropout -  bachelor,ლეპტოპი,Linux,პოლონეთში,,
12/29/2023 19:45:09,მამრობითი,30-34,6-9 წელი,4 წელი,Back End Developer,C++,PHP,Laravel,0-10,Full Time,Office - Local Projects,ქართული,ინფორმაციული ტექნოლოგიები,საქართველო,3k-4k,საქართველო,არა,100-160,6k-7k,3.5-3.7,დავამთავრე -  bachelor,Desktop კომპიუტერი,Linux,საქართველოში,,
12/29/2023 19:59:31,მამრობითი,30-34,2-4 წელი,6 თვე - 1 წელი,Full Stack Developer,Javascript,Javascript,React,0-10,Full Time,Remote  - International Projects,ქართული,ინფორმაციული ტექნოლოგიები,საქართველო,3k-4k,საქართველო,კი,100-160,5k-6k,,დავამთავრე -  bachelor,ლეპტოპი,Linux,გერმანიაში,,
12/29/2023 20:12:31,მამრობითი,30-34,2-4 წელი,1 წელი - 18 თვე,Back End Developer,C#,C#,.NET,არცერთი,Full Time,Office - Local Projects,ქართული,ფინანსები,საქართველო,6k-7k,საქართველო,კი,100-160,7k-10k,2-2.5,დავამთავრე -  bachelor,ლეპტოპი,Windows,საქართველოში,დაიწყე რაც შეიძლება ადრე და აქტიურად.,ჰიბრიდული რეჟიმის ვარიანტიც რომ მიუთითო გრაფიკში ვარიანტად.
12/29/2023 20:33:32,მდედრობითი,24-26,4-6 წელი,18 თვე - 2 წელი,Full Stack Developer,Javascript,C#,.NET,არ მაქვს account,Full Time,Office -  International Projects,ინგლისური,ინფორმაციული ტექნოლოგიები,საქართველო,4k-5k,გერმანია,კი,160-200,6k-7k,3.5-3.7,დავამთავრე -  bachelor,ლეპტოპი,Windows,საქართველოში,,
12/29/2023 20:36:52,მამრობითი,24-26,2-4 წელი,1 წელი - 18 თვე,Low Latency C++ Developer,C,C/C++,არც ერთს,0-10,Full Time,Office - Local Projects,ინგლისური,ფინანსები,ინგლისი,50k+,ინგლისი,კი,160-200,50k-70k,4,დავამთავრე - master,ლეპტოპი,Linux,,,
12/29/2023 21:13:06,მამრობითი,21-23,2-4 წელი,6 თვე - 1 წელი,Full Stack Developer,C++,C#,.NET Core,0-10,Full Time,Office - Local Projects,ქართული,ფინანსები,საქართველო,10k-15k,საქართველო,კი,100-160,10k-15k,,ვსწავლობ/dropout კოლეჯში,Desktop კომპიუტერი,Windows,ა.შ.შ-ში,,
12/29/2023 22:18:22,მამრობითი,27-29,6-9 წელი,3 წელი,Front End Developer,C++,TypeScript,Angular,0-10,Full Time,Remote  - International Projects,ინგლისური,რეკლამები,საქართველო,10k-15k,ამერიკის შეერთებული შტატები,კი,100-160,10k-15k,ცოტა,ვსწავლობ/dropout -  bachelor,ლეპტოპი,Macos,ა.შ.შ-ში,უფრო მეტი დოკუმენტაცია,
12/29/2023 22:38:17,მამრობითი,27-29,6-9 წელი,3 წელი,Back End Developer,Java,ABAP,არც ერთს,არ მაქვს account,Full Time,Office - Local Projects,ქართული,საავტომობილო,საქართველო,10k-15k,საქართველო,კი,160-200,10k-15k,2.5-3,დავამთავრე -  bachelor,ლეპტოპი,Windows,,,
12/29/2023 22:59:36,მამრობითი,21-23,6-9 წელი,4 წელი,Front End Developer,Javascript,Javascript,React,0-10,Full Time,Remote  - International Projects,ინგლისური,E-commerce,,6k-7k,ამერიკის შეერთებული შტატები,კი,100-160,6k-7k,არ ჩამიბარებია,მხოლოდ სკოლა,"თანაბრად, სახლში PC და სამუშაო სივრცეში/კაფეში ლეპტოპი. ","PC-ზე Windows, ლეპტოპზე Mac",ა.შ.შ-ში,,
12/29/2023 23:29:21,მამრობითი,21-23,0-1 წელი,"სამი წლის შემდეგ, თუმცა აღსანიშნავია, რომ იქამდე არც მიცდია აპლიკაციის გაგზავნა",Full Stack Developer,C++,TypeScript,Laravel,0-10,Full Time,Remote  - International Projects,ინგლისური,"FinTech, MedTech, PropTech",საქართველო,500-999,საქართველო,არა,160-200,2k-3k,3-3.5,დავამთავრე -  bachelor,ლეპტოპი,Linux,საქართველოში,"მეტად კონცენტრირებულიყო CS საფუძვლებზე, მათემატიკაზე და რაც შეიძლება მალე დაეწყო სამსახურის ძებნა","იღებთ თუ არა დადებით დეველოპერულ გამოცდილებას იმ ტექნოლოგიების გამოყენებით, რასთანაც სამსახურში გიწევთ შეხება"
12/29/2023 23:45:48,მამრობითი,27-29,6-9 წელი,4-6 თვე,Full Stack Developer,C++,TypeScript,Angular/NestJs,0-10,Full Time,Remote  - International Projects,ინგლისური,ინფორმაციული ტექნოლოგიები,საქართველო,25k-30k,ისრაელი,კი,0-40,50k-70k,3.5-3.7,დავამთავრე -  bachelor,ლეპტოპი,Macos,ა.შ.შ-ში,უფრო მეტი თავდაჯერებულობა საკუთარი თავის.,
12/30/2023 0:52:49,მამრობითი,24-26,1-2 წელი,6 თვე - 1 წელი,Full Stack Developer,Javascript,TypeScript,React,0-10,Full Time,Remote  - International Projects,ინგლისური,,საქართველო,2k-3k,საქართველო,კი,100-160,3k-4k,,დავამთავრე -  bachelor,Desktop კომპიუტერი,Windows,ა.შ.შ-ში,,
12/30/2023 1:28:37,მამრობითი,21-23,0-1 წელი,1 წელი - 18 თვე,Full Stack Developer,Javascript,Javascript,React,0-10,Full Time,Remote  - Local Projects,ინგლისური,,საქართველო,1500-1999,ამერიკის შეერთებული შტატები,კი,160-200,,,მხოლოდ სკოლა,ლეპტოპი,Windows,საქართველოში,DO IT!,
12/30/2023 2:22:58,მამრობითი,24-26,9-12 წელი,3 წელი,Full Stack Developer,PHP,PHP,Laravel,50-100,Both (Full time + Part Time),Remote  - International Projects,ინგლისური,ინფორმაციული ტექნოლოგიები,საქართველო,20k-25k,გერმანია,კი,160-200,30k-50k,არ მისწავლია,მხოლოდ სკოლა,ლეპტოპი,Macos,საქართველოში,,
12/30/2023 5:06:17,მამრობითი,30-34,2-4 წელი,6 თვე - 1 წელი,Full Stack Developer,Javascript,Javascript,React,0-10,Full Time,Remote  - International Projects,ინგლისური,სამედიცინო სფერო,საქართველო,1000-1499,გერმანია,არა,100-160,3k-4k,1-1.5,დავამთავრე -  bachelor,ლეპტოპი,Linux,ა.შ.შ-ში,რაც შეიძლება მეტი პრაქტიკული ვარჯიში და პირად პროექტებზე მუშაობა,"კომპანიის ტიპი რომელშიც მუშაობთ(სტარტაპი, დიდი კორპორაცია, ა.შ)"
12/30/2023 8:19:14,მამრობითი,35-39,6-9 წელი,6 თვე - 1 წელი,System Analyst/Solution Architect,Pascal,SQL,არც ერთს,არ მაქვს account,Full Time,Remote  - Local Projects,ქართული,ფინანსები,საქართველო,10k-15k,საქართველო,არა,160-240,15k-20k,3-3.5,დავამთავრე - master,ლეპტოპი,Windows,საქართველოში,უფრო კონკრეტულ მიმართულების არჩევას და მასში სიღრმისეულ დახელოვნებას,რას ურჩევდით ცოდნის გაღრმავებისთვის სხვებს?
12/30/2023 9:48:08,მამრობითი,30-34,9-12 წელი,18 თვე - 2 წელი,Back End Developer,Java,C#,.NET Core,0-10,Full Time,Office -  International Projects,ქართული,ინფორმაციული ტექნოლოგიები,საქართველო,20k-25k,საქართველო,კი,160-200,20k-25k,2-2.5,დავამთავრე -  bachelor,Desktop კომპიუტერი,Windows,საქართველოში,,
12/30/2023 11:04:37,მამრობითი,30-34,12-15 წელი,4-6 თვე,Back End Developer,Java,Java,Spring,0-10,Full Time,Office - Local Projects,ქართული,ფინანსები,საქართველო,15k-20k,საქართველო,კი,40-100,30k-50k,1.5-2,დავამთავრე - master,Desktop კომპიუტერი,Windows,საქართველოში,,
12/30/2023 12:45:59,მდედრობითი,30-34,2-4 წელი,4-6 თვე,Front End Developer,Javascript,TypeScript,React,20-50,Both (Full time + Part Time),Office - Local Projects,ქართული,სამედიცინო სფერო,საქართველო,3k-4k,საქართველო,კი,160-200,4k-5k,3.5-3.7,დავამთავრე - master,ლეპტოპი,Macos,ა.შ.შ-ში,თავიდანვე პროგრამირებაზე ვისწავლიდი,
12/30/2023 15:33:00,მდედრობითი,24-26,1-2 წელი,1 წელი - 18 თვე,Full Stack Developer,Javascript,Javascript,React,0-10,Part Time,Office -  International Projects,ქართული,ინფორმაციული ტექნოლოგიები,საქართველო,300-499,საქართველო,არა,40-100,2k-3k,2.5-3,დავამთავრე -  bachelor,Desktop კომპიუტერი,Windows,ა.შ.შ-ში,მეტი პრაქტიკა!,"1 სამოტივაციო ფრაზა დაამატოს ყველამ, რამაც მოგვიყვანა აქამდე "
12/30/2023 16:29:13,მამრობითი,27-29,4-6 წელი,12-15 წელი,Mobile Apps Developer,Pascal,Kotlin,არც ერთს,0-10,Full Time,Office -  International Projects,ინგლისური,ინფორმაციული ტექნოლოგიები,საქართველო,10k-15k,ისრაელი,ნორმ,160-200,15k-20k,3.5-3.7,დავამთავრე -  bachelor,ლეპტოპი,Macos,საქართველოში,"კომუნიკაცია საქმის 50% მინიმუმ არის, soft skill-ებს ძალიან დიდი ყურადღება მიაქციე",
12/30/2023 16:41:11,მამრობითი,30-34,4-6 წელი,0-3 თვე,Front End Developer,Python,TypeScript,React,0-10,Both (Full time + Part Time),Remote  - International Projects,ინგლისური,ფინანსები,ესტონეთი,20k-25k,,კი,240-300,25k-30k,3.9-3.99,დავამთავრე - master,ლეპტოპი,Macos,ა.შ.შ-ში,,
12/30/2023 23:14:24,მამრობითი,35-39,1-2 წელი,18 თვე - 2 წელი,Back End Developer,C++,C#,.NET Core,0-10,არ ვარ დასაქმებული,,ქართული,,საქართველო,1500-1999,საქართველო,,160-200,4k-5k,,დავამთავრე - master,Desktop კომპიუტერი,Windows,ა.შ.შ-ში,კარგად ისწავლე ინგლისური. აკეთე მეტი პროექტები.,რამდენად და როგორ იყენებთ ხელოვნურ ინტელექტს.
12/31/2023 10:37:45,მამრობითი,24-26,4-6 წელი,4-6 თვე,Back End Developer,C,Go,არც ერთს,10-20,Both (Full time + Part Time),Remote  - International Projects,ინგლისური,ინფორმაციული ტექნოლოგიები,საქართველო,10k-15k,ამერიკის შეერთებული შტატები,კი,100-160,20k-25k,3.5-3.7,დავამთავრე -  bachelor,ლეპტოპი,Macos,ა.შ.შ-ში,,
12/31/2023 11:57:16,მამრობითი,24-26,2-4 წელი,4 წელი,Front End Developer,C,Javascript,React,არ მაქვს account,Full Time,Office - Local Projects,ქართული,Ecommerce,საქართველო,7k-10k,საქართველო,კი,160-240,7k-10k,3-3.5,დავამთავრე -  bachelor,ლეპტოპი,Macos,საქართველოში,რაც შეიძლება მალე დაიწტე მუშაობა არ დაელოდო 4 წლიან სწავლას,სამსახურეს გარდა თუ მუშაობთ იქ რამდენ დროს ხარჯავთ და ცალკე რა შემოსავალი გაქვთ
12/31/2023 17:16:39,მამრობითი,27-29,6-9 წელი,18 თვე - 2 წელი,System Administrator,C#,C#,.NET Core,არ მაქვს account,Full Time,Office - Local Projects,ქართული,ინფორმაციული ტექნოლოგიები,საქართველო,4k-5k,საქართველო,კი,160-200,6k-7k,2-2.5,დავამთავრე -  bachelor,ლეპტოპი,Windows,საქართველოში,,
1/1/2024 12:02:15,მამრობითი,15-17,0-1 წელი,6 თვე - 1 წელი,Full Stack Developer,Python,Python,Django,20-50,Part Time,Remote  - International Projects,ინგლისური,ფინანსები,საქართველო,1500-1999,დანია,კი,0-40,2k-3k,,ვსწავლობ სკოლა,Desktop კომპიუტერი,Windows,გერმანიაში,ჯავასკრიპტით დაიწყე სწავლა.,
1/1/2024 23:32:46,მამრობითი,27-29,2-4 წელი,6 თვე - 1 წელი,Front End Developer,Javascript,TypeScript,React,არ მაქვს account,არ ვარ დასაქმებული,Office - Local Projects,ქართული,ინფორმაციული ტექნოლოგიები,საქართველო,6k-7k,საქართველო,კი,100-160,7k-10k,1.5-2,დავამთავრე -  bachelor,ლეპტოპი,Macos,საქართველოში,,
1/3/2024 15:40:25,მამრობითი,27-29,9-12 წელი,18 თვე - 2 წელი,Back End Developer,Java,Python,არც ერთს,0-10,Full Time,Remote  - International Projects,ინგლისური,ინფორმაციული ტექნოლოგიები,საქართველო,15k-20k,ესტონეთი,კი,160-200,15k-20k,3.9-3.99,დავამთავრე - master,ლეპტოპი,Macos,საქართველოში,,
1/3/2024 16:06:14,მდედრობითი,35-39,15-20 წელი,6 თვე - 1 წელი,Business Analyst,C,არც ერთს,არც ერთს,არ მაქვს account,Full Time,Office - Local Projects,ქართული,ტელეკომი,საქართველო,10k-15k,საქართველო,არა,160-200,20k-25k,4,ვსწავლობ/dropout - PHD,Desktop კომპიუტერი,Windows,საქართველოში,"მეტი თავდაჯერება და რწმენა, გამბედაობა","ძირითადად დეველოპერებზე მიმართულია კითხვები და IT სფეროს სხვა წარმომადგენლებიც თუ გათვალისწინებადია კარგი იქნებოდა (pm, ba, data sciences, cyber etc)"
1/4/2024 1:38:50,მამრობითი,18-20,0-1 წელი,6 თვე - 1 წელი,DevOps Engineer,C++,Python,არც ერთს,არ მაქვს account,Full Time,Office - Local Projects,ქართული,ფინანსები,საქართველო,1000-1499,საქართველო,კი,160-200,500-1000,3.8-3.9,ვსწავლობ/dropout -  bachelor,ლეპტოპი,Windows,ა.შ.შ-ში,,
1/4/2024 12:25:19,მამრობითი,21-23,2-4 წელი,18 თვე - 2 წელი,Back End Developer,Java,C#,.NET Core,არ მაქვს account,არ ვარ დასაქმებული,Office - Local Projects,ქართული,ინფორმაციული ტექნოლოგიები,საქართველო,3k-4k,საქართველო,არა,160-200,5k-6k,2.5-3,,ორივე,Windows,საქართველოში,,
1/4/2024 22:20:38,მამრობითი,24-26,4-6 წელი,1 წელი - 18 თვე,Front End Developer,C++,Javascript,React,0-10,არ ვარ დასაქმებული,,,ფინანსები,საქართველო,4k-5k,ისრაელი,,,7k-10k,2-2.5,ვსწავლობ/dropout - PHD,Desktop კომპიუტერი,Windows,საქართველოში,,
1/4/2024 22:21:29,მდედრობითი,21-23,2-4 წელი,4-6 თვე,Back End Developer,C,C#,.NET Core,0-10,Both (Full time + Part Time),Remote  - International Projects,ინგლისური,ინფორმაციული ტექნოლოგიები,საქართველო,10k-15k,ამერიკის შეერთებული შტატები,კი,160-240,15k-20k,2.5-3,დავამთავრე -  bachelor,ლეპტოპი,Windows,ა.შ.შ-ში,,
1/4/2024 22:22:46,მამრობითი,27-29,4-6 წელი,6-9 წელი,Full Stack Developer,C,Javascript,React,0-10,Full Time,Office - Local Projects,ქართული,ინფორმაციული ტექნოლოგიები,საქართველო,3k-4k,საქართველო,არა,160-240,5k-6k,3.7-3.8,დავამთავრე - master,ლეპტოპი,Windows,საქართველოში,,
1/4/2024 22:24:46,მამრობითი,18-20,არ მაქვს,არ ვმუშაობ,Front End Developer,Javascript,Javascript,React,0-10,არ ვარ დასაქმებული,,,,საქართველო,,,,,1000-1500,3.9-3.99,ვსწავლობ/dropout -  bachelor,Desktop კომპიუტერი,Windows,საქართველოში,,
1/4/2024 22:34:10,მამრობითი,27-29,9-12 წელი,18 თვე - 2 წელი,Back End Developer,Pascal,C#,.NET Core,10-20,Both (Full time + Part Time),Remote  - International Projects,ინგლისური,სამედიცინო სფერო,საქართველო,20k-25k,კანადა,არა,160-240,30k-50k,2-2.5,დავამთავრე - master,ლეპტოპი,Macos,საქართველოში,Spend more time with DSA,
1/4/2024 22:35:51,მამრობითი,30-34,6-9 წელი,4-6 თვე,Data Analyst,Power Bi,Power Bi,არც ერთს,არ მაქვს account,Both (Full time + Part Time),Office - Local Projects,ქართული,საცალო გაყიდვები,საქართველო,5k-6k,საქართველო,კი,160-200,7k-10k,3-3.5,დავამთავრე - master,ლეპტოპი,Windows,საქართველოში,,
1/4/2024 22:37:50,მამრობითი,30-34,6-9 წელი,9-12 წელი,Data Analyst,SQL,SQL,არც ერთს,არ მაქვს account,Full Time,Office - Local Projects,ქართული,ინფორმაციული ტექნოლოგიები,საქართველო,15k-20k,საქართველო,კი,160-240,15k-20k,3.5-3.7,დავამთავრე - master,ლეპტოპი,Windows,საქართველოში,,
1/4/2024 22:45:26,მამრობითი,24-26,6-9 წელი,1 წელი - 18 თვე,Back End Developer,C#,C#,.NET Core,0-10,Full Time,Remote  - International Projects,ქართული,ფინანსები,საქართველო,7k-10k,საქართველო,კი,100-160,15k-20k,1-1.5,მხოლოდ სკოლა,Desktop კომპიუტერი,Windows,საქართველოში,,
1/4/2024 22:50:48,მდედრობითი,27-29,1-2 წელი,18 თვე - 2 წელი,Data Scientist,C++,Python,არც ერთს,0-10,Full Time,Remote  - Local Projects,ქართული,ფინანსები,საქართველო,2k-3k,საქართველო,არა,100-160,3k-4k,1-1.5,ვსწავლობ/dropout - master,ლეპტოპი,Windows,გერმანიაში,,
1/4/2024 22:53:37,მამრობითი,30-34,6-9 წელი,6 თვე - 1 წელი,Mobile Apps Developer,C,Swift,"UIKit, SwiftUI",არ მაქვს account,Full Time,Remote  - Local Projects,ქართული,ინფორმაციული ტექნოლოგიები,საქართველო,20k-25k,საქართველო,კი,160-200,25k-30k,3.9-3.99,დავამთავრე - master,ლეპტოპი,Macos,საქართველოში,,
1/4/2024 23:04:17,მამრობითი,24-26,2-4 წელი,6 თვე - 1 წელი,Mobile Apps Developer,Swift,Swift,UIKit,0-10,Both (Full time + Part Time),"One Remote Local, One Remote Inernaional","KA, EN",გემბლინგი,საქართველო,50k+,საქართველო,კი,160-240,10k-15k,,დავამთავრე კოლეჯი,ლეპტოპი,Macos,საქართველოში,"ლოკალური და უცხოური პოდკასტების ყურებას, რომელშიც ხალხი აზიარებს თავის გამოცდილებას რაც ძალიან დიდი დახმარებაა პროფესიულ განვითარებაში, ასევე რელევანტური Discord არხების პოვნა ხალხის გაცნობა ერთად სწავლა უფრო საინტერესოა, სახალისოა და მოტივაციის მომცემია.
არასდროს არ დანებდეთ ახლიდან ძალიან ძალიან რთულია ყველასთვის არა მაგრამ უმეტესობისთვის, ასევე ვინც სფეროს იცვლის ძალიან რთულია მუდმივად არის ცდუნება რომ თავი გაანებოთ, არ დანებდეთ ბოლომდე მიყევით შეიძლება ბევრი დრო დაგჭირდეთ მაგრამ შესაბამისი შრომით ყველაფერს მიაღწევთ ბევრი ეგეთი მაგალითი მინახავს და ის ხალხი ახლა უზომოდ ბედნიერია, როცა თავის დროზე დანებებასთან ისე ახლოს იყვნენ როგორც არასდროს, გამოიყენეთ უფასო სასწავლო რესურესები საქართველოში საუკეთესო არის TBC IT Academy-ია, ასევე გვაქვს GITA-ს გადამზადების პროგრამა, Bitcamp-ი და ასე შემდეგ შესაბამისად თუ დაძებნით, გამოიყენეთ ეს უფასო რესურსები ისწავლეთ გაიცანით ხალხი განვითარდით და კენწეროში გატკბილდება <3",
1/4/2024 23:08:37,მოზვერი,24-26,2-4 წელი,6 თვე - 1 წელი,Back End Developer,Javascript,Javascript,არც ერთს,0-10,არ ვარ დასაქმებული,Remote  - International Projects,ქართული,გადაზიდვები და ლოჯისტიკა,საქართველო,3k-4k,საქართველო,კი,100-160,5k-6k,1-1.5,ვსწავლობ/dropout -  bachelor,ლეპტოპი,Macos,პოლონეთში,არაფერს,რაც გესიამოვნებათ
1/4/2024 23:19:54,მამრობითი,35-39,15-20 წელი,3 წელი,CTO,Java,C#,.NET Core,არ მაქვს account,Full Time,Office - Local Projects,ქართული,ინფორმაციული ტექნოლოგიები,საქართველო,10k-15k,საქართველო,კი,160-200,15k-20k,0,ვსწავლობ/dropout -  bachelor,ლეპტოპი,Macos,საქართველოში,,
1/4/2024 23:20:21,მამრობითი,27-29,4-6 წელი,1 წელი - 18 თვე,Back End Developer,C++,PHP,Laravel,0-10,Full Time,Remote  - International Projects,ინგლისური,აგრო,საქართველო,20k-25k,შვეიცარია,კი,160-240,30k-50k,1-1.5,ვსწავლობ/dropout -  bachelor,,Macos,საქართველოში,,
1/4/2024 23:32:05,მამრობითი,21-23,2-4 წელი,4-6 თვე,Back End Developer,Python,Go,Gin,20-50,Contractor,Remote  - International Projects,ინგლისური,ინფორმაციული ტექნოლოგიები,საქართველო,10k-15k,ამერიკის შეერთებული შტატები,კი,40-100,15k-20k,2-2.5,ვსწავლობ/dropout -  bachelor,ლეპტოპი,Linux,ა.შ.შ-ში,"არავინ გახადო შენი ცოდნის წყარო. იკითხე დოკუმენტაცია. იკითხე წიგნები. იყავი გიჟურად თავდაჯერებული. არ შეცვალო მიზნები, მალე ყველას მიაღწევ. ბოლომდე იბრძოლე და შედეგს ყოველთვის ნახავ.","რომელი პროგრამული ენის სწავლას აპირებ?
მიმები გიყვარს?"
1/4/2024 23:40:15,მდედრობითი,30-34,9-12 წელი,4-6 წელი,Data Scientist,PHP,SQL,არც ერთს,არ მაქვს account,Both (Full time + Part Time),Remote  - Local Projects,ქართული,სამთავრობო ორგანიზაცია,საქართველო,7k-10k,საქართველო,კი,40-100,10k-15k,3.5-3.7,დავამთავრე - master,ლეპტოპი,Windows,ა.შ.შ-ში,,
1/4/2024 23:45:15,მდედრობითი,40-44,15-20 წელი,1 წელი - 18 თვე,Data Scientist,PHP,არც ერთს,არც ერთს,არ მაქვს უფლება გიტზე გამოწვეყნების,Both (Full time + Part Time),Office -  International Projects,ქართული,სამთავრობო ორგანიზაცია,საქართველო,10k-15k,საქართველო,კი,100-160,10k-15k,4,დავამთავრე - master,Desktop კომპიუტერი,Windows,გერმანიაში,Data data data,ერთდროულად რამდენ პროექტზე მუშაობთ მინ . მაქს.
1/5/2024 0:01:16,მდედრობითი,18-20,2-4 წელი,6 თვე - 1 წელი,Mobile Apps Developer,Javascript,TypeScript,React,0-10,Both (Full time + Part Time),Office - Local Projects,ქართული,ფინანსები,საქართველო,10k-15k,საქართველო,კი,40-100,10k-15k,2.5-3,ვსწავლობ/dropout -  bachelor,ლეპტოპი,Macos,საქართველოში,,
1/5/2024 0:05:29,მამრობითი,24-26,4-6 წელი,6 თვე - 1 წელი,Back End Developer,Python,Java,Spring,0-10,Full Time,Remote  - International Projects,ინგლისური,ფინანსები,საქართველო,30k-40k,ამერიკის შეერთებული შტატები,კი,100-160,25k-30k,3-3.5,დავამთავრე -  bachelor,ლეპტოპი,Linux,ა.შ.შ-ში,გამოციყენებდი სასწავლო წლებს მაქსიმალურად ,
1/5/2024 0:07:25,მამრობითი,21-23,4-6 წელი,3 წელი,Game Developer,C,C#,Unity 3D,არ მაქვს account,Full Time,Office -  International Projects,ქართული,ინფორმაციული ტექნოლოგიები,საქართველო,4k-5k,საქართველო,კი,100-160,7k-10k,არ ვსწავლობდი,მხოლოდ სკოლა,Desktop კომპიუტერი,Windows,გერმანიაში,დაუსვას მეტი შეკითხვა მასზე გამოცდილ ადამიანებს,
1/5/2024 0:21:01,მდედრობითი,24-26,2-4 წელი,4-6 თვე,Support Specialist,Python,Javascript,React,100-500,Full Time,Remote  - International Projects,ინგლისური,ინფორმაციული ტექნოლოგიები,საქართველო,3k-4k,,კი,100-160,4k-5k,3-3.5,დავამთავრე -  bachelor,Desktop კომპიუტერი,Macos,ა.შ.შ-ში,"თეორიაზე მეტად, პრაქტიკაზე ორიენტირებას. ",
1/5/2024 0:23:46,მამრობითი,24-26,4-6 წელი,1 წელი - 18 თვე,Front End Developer,PHP,Javascript,React,0-10,Full Time,Office - Local Projects,ქართული,ინფორმაციული ტექნოლოგიები,საქართველო,7k-10k,საქართველო,კი,40-100,10k-15k,2-2.5,დავამთავრე -  bachelor,ლეპტოპი,Macos,საქართველოში,,
1/5/2024 0:25:40,მამრობითი,21-23,2-4 წელი,18 თვე - 2 წელი,Back End Developer,Java,Java,Guice,0-10,Full Time,Office - Local Projects,ინგლისური,ინფორმაციული ტექნოლოგიები,,7k-10k,პოლონეთი,კი,100-160,7k-10k,3-3.5,დავამთავრე -  bachelor,ლეპტოპი,Macos,პოლონეთში,"წაიკითხოს სხვადასხვა კომპანიების ტექ-ბლოგები, გადახედოს მნიშვნელოვან paper-ებს, software engineering მხოლოდ კოდის წერა არაა",“ როგორ ფიქრობ რა ტექნოლოგია იქნება ყველაზე მოთხოვნადი 5 წელში?”
1/5/2024 0:29:11,მდედრობითი,21-23,2-4 წელი,1 წელი - 18 თვე,Front End Developer,C++,TypeScript,Angular,0-10,Full Time,Office -  International Projects,ინგლისური,გემბლინგი,საქართველო,5k-6k,საქართველო,არა,100-160,6k-7k,2-2.5,დავამთავრე -  bachelor,Desktop კომპიუტერი,Windows,საქართველოში,,
1/5/2024 0:46:05,მამრობითი,30-34,6-9 წელი,4-6 თვე,DevOps Engineer,Javascript,Python,არც ერთს,0-10,Full Time,Remote  - International Projects,ინგლისური,ლოჯისტიკა,საქართველო,5k-6k,ამერიკის შეერთებული შტატები,კი,40-100,5k-6k,3-3.5,დავამთავრე -  bachelor,ლეპტოპი,Windows,ა.შ.შ-ში,უნივერსიტეტში დრო არ დაკარგო,მუშაობთ თუ არა უნიში ნასწავლი პროფესიით
1/5/2024 1:38:53,მამრობითი,24-26,4-6 წელი,3 წელი,Mobile Apps Developer,Java,TypeScript,React Native,0-10,Both (Full time + Part Time),Remote  - Local Projects,ინგლისური,ინფორმაციული ტექნოლოგიები,საქართველო,10k-15k,გერმანია,კი,240-300,10k-15k,2.5-3,ვსწავლობ/dropout -  bachelor,ლეპტოპი,Macos,საქართველოში,,
1/5/2024 1:40:40,მამრობითი,24-26,4-6 წელი,0-3 თვე,Front End Developer,C++,TypeScript,Angular,0-10,Full Time,Remote  - International Projects,ინგლისური,არასამთავრობო ორგანიზაცია,საქართველო,30k-40k,ბელგია,კი,160-240,,3.8-3.9,დავამთავრე -  bachelor,ლეპტოპი,Macos & Windows,,,
1/5/2024 1:42:21,მამრობითი,18-20,1-2 წელი,,Back End Developer,Pawn,Go,არც ერთს,100-500,Full Time,Office -  International Projects,ქართული,ინფორმაციული ტექნოლოგიები,საქართველო,4k-5k,საქართველო,კი,160-200,6k-7k,2-2.5,ვსწავლობ/dropout -  bachelor,ლეპტოპი,Macos,საქართველოში,,
1/5/2024 2:00:46,მამრობითი,30-34,6-9 წელი,4 წელი,Front End Developer,PHP,Javascript,JQuery,არ მაქვს account,Full Time,Remote  - International Projects,ინგლისური,გემბლინგი,საქართველო,7k-10k,თურქეთი,კი,160-200,15k-20k,0.5-1,დავამთავრე - master,ლეპტოპი,Windows,საქართველოში,,
1/5/2024 3:26:01,მამრობითი,24-26,2-4 წელი,1 წელი - 18 თვე,Front End Developer,Javascript,TypeScript,React,0-10,Full Time,Remote  - International Projects,ინგლისური,ინფორმაციული ტექნოლოგიები,საქართველო,10k-15k,გერმანია,კი,40-100,15k-20k,2-2.5,დავამთავრე -  bachelor,ლეპტოპი,Macos,,,
1/5/2024 3:46:51,მამრობითი,24-26,6-9 წელი,6 თვე - 1 წელი,Full Stack Developer,PHP,TypeScript,Angular,0-10,Full Time,Remote  - International Projects,ინგლისური,ინფორმაციული ტექნოლოგიები,საქართველო,20k-25k,ამერიკის შეერთებული შტატები,კი,100-160,20k-25k,2.5-3,ვსწავლობ/dropout -  bachelor,ლეპტოპი,Macos,საქართველოში,ამდენ ღამეს ნუ ათევ დაგენძრევა,
1/5/2024 7:27:54,მამრობითი,24-26,4-6 წელი,0-3 თვე,QA Engineer,Java,Python,არც ერთს,0-10,Full Time,Remote  - International Projects,ინგლისური,ინფორმაციული ტექნოლოგიები,საქართველო,10k-15k,ისრაელი,არა,160-240,15k-20k,3-3.5,დავამთავრე -  bachelor,ლეპტოპი,Windows,საქართველოში,,
1/5/2024 8:35:02,მამრობითი,21-23,0-1 წელი,6 თვე - 1 წელი,Data Scientist,Python,Python,არც ერთს,0-10,Both (Full time + Part Time),,ინგლისური,ინფორმაციული ტექნოლოგიები,საქართველო,1000-1499,საქართველო,,240-300,3k-4k,3.8-3.9,ვსწავლობ/dropout -  bachelor,ლეპტოპი,Linux,საქართველოში,"""რა ვისწავლო""-ს ნაცვლად ვფოკუსირებულიყავი ""რამდენი ვისწავლო""ზე ))))",
1/5/2024 8:38:05,მამრობითი,35-39,12-15 წელი,6 თვე - 1 წელი,Back End Developer,SQL,Python,"Falcon, Flask",0-10,Full Time,Remote  - International Projects,ინგლისური,E-commerce,საქართველო,10k-15k,საფრანგეთი,კი,160-200,25k-30k,--,დავამთავრე - master,ლეპტოპი,Linux,ა.შ.შ-ში,ერთ კონკრეტულ მიმართულებაზე ფოკუსირებას,--
1/5/2024 9:02:31,მდედრობითი,35-39,2-4 წელი,4-6 თვე,QA Engineer,,,,,Full Time,Office - Local Projects,ქართული,ფინანსები,საქართველო,2k-3k,საქართველო,არა,160-200,5k-6k,,დავამთავრე - master,ლეპტოპი,Windows,საქართველოში,არ გაჩერდეს დიდხანს ერთ პოზიციზე,
1/5/2024 9:59:18,მამრობითი,30-34,9-12 წელი,18 თვე - 2 წელი,Back End Developer,PHP,Ruby,Rails,0-10,Full Time,Remote  - International Projects,ინგლისური,ფინანსები,საქართველო,10k-15k,ესტონეთი,არა,160-200,15k-20k,2-2.5,დავამთავრე -  bachelor,ლეპტოპი,Linux,პოლონეთში,ინგლისურის კარგად სწავლა,რომეს ახალ პროგრამირების ენაზე ფიქრობთ გადასვლას?
1/5/2024 10:10:05,მამრობითი,27-29,2-4 წელი,0-3 თვე,Back End Developer,C#,C#,.NET Core,0-10,Both (Full time + Part Time),Remote  - Local Projects,ქართული,ფინანსები,საქართველო,7k-10k,საქართველო,კი,40-100,7k-10k,,მხოლოდ სკოლა,ლეპტოპი,Windows,ა.შ.შ-ში,,
1/5/2024 10:28:43,მამრობითი,27-29,6-9 წელი,1 წელი - 18 თვე,Mobile Apps Developer,C++,Kotlin,არც ერთს,50-100,Both (Full time + Part Time),Remote  - Local Projects,ქართული,ფინანსები,საქართველო,10k-15k,საქართველო,კი,160-200,15k-20k,0-0.5,ვსწავლობ/dropout -  bachelor,ლეპტოპი,Macos,საქართველოში,ალგორითმების სწავლას,
1/5/2024 11:04:01,მამრობითი,30-34,9-12 წელი,1 წელი - 18 თვე,Full Stack Developer,PHP,Javascript,React,არ მაქვს account,,Remote  - International Projects,ინგლისური,ინფორმაციული ტექნოლოგიები,საქართველო,7k-10k,ამერიკის შეერთებული შტატები,კი,0-40,7k-10k,,მხოლოდ სკოლა,ლეპტოპი,Windows,ა.შ.შ-ში,,
1/5/2024 11:12:14,მდედრობითი,27-29,1-2 წელი,0-3 თვე,Front End Developer,Javascript,TypeScript,Angular,0-10,Both (Full time + Part Time),Remote  - Local Projects,ქართული,ფინანსები,საქართველო,4k-5k,საქართველო,კი,40-100,4k-5k,,დავამთავრე -  bachelor,ლეპტოპი,Macos,საქართველოში,,
1/5/2024 11:18:56,მამრობითი,21-23,1-2 წელი,4-6 თვე,DevOps Engineer,Python,არც ერთს,არც ერთს,100-500,Full Time,Remote  - Local Projects,ქართული,ფინანსები,საქართველო,7k-10k,საქართველო,კი,160-240,7k-10k,2.5-3,ვსწავლობ/dropout -  bachelor,ლეპტოპი,Linux,საქართველოში,,
1/5/2024 11:37:04,მამრობითი,30-34,9-12 წელი,4-6 წელი,Full Stack Developer,Javascript,TypeScript,React,0-10,Full Time,Remote  - International Projects,ინგლისური,სადაზღვევო სფერო,საქართველო,20k-25k,ისრაელი,კი,100-160,30k-50k,2-2.5,ვსწავლობ/dropout -  bachelor,ლეპტოპი,Macos,საქართველოში,,
1/5/2024 11:46:27,მამრობითი,24-26,2-4 წელი,18 თვე - 2 წელი,Back End Developer,C++,TypeScript,არც ერთს,0-10,Full Time,Remote  - Local Projects,ქართული,გემბლინგი,საქართველო,7k-10k,საქართველო,კი,100-160,10k-15k,2-2.5,ვსწავლობ/dropout - master,ლეპტოპი,Macos,ა.შ.შ-ში,,
1/5/2024 12:00:49,მამრობითი,24-26,2-4 წელი,6 თვე - 1 წელი,Full Stack Developer,Java,C#,.NET Core,0-10,Full Time,Office -  International Projects,ინგლისური,ფინანსები,საქართველო,7k-10k,,კი,160-200,7k-10k,1-1.5,ვსწავლობ/dropout -  bachelor,ლეპტოპი,Windows,საქართველოში,,
1/5/2024 12:07:20,მდედრობითი,24-26,4-6 წელი,1 წელი - 18 თვე,Back End Developer,C++,C#,.NET Core,არ მაქვს account,Full Time,Office -  International Projects,ინგლისური,ფინანსები,საქართველო,10k-15k,,კი,100-160,15k-20k,4,დავამთავრე - master,ლეპტოპი,Windows,ა.შ.შ-ში,,
1/5/2024 12:24:04,მამრობითი,18-20,2-4 წელი,4-6 თვე,Back End Developer,C++,C#,.NET Core,0-10,Full time + full time,Remote  - Local Projects,ქართული,ფინანსები + სამთავრობო ორგანიზაცია,საქართველო,7k-10k,საქართველო,არა,160-240,15k-20k,1-1.5,ვსწავლობ/dropout -  bachelor,ლეპტოპი,Windows,ა.შ.შ-ში,,
1/5/2024 12:43:43,მამრობითი,30-34,6-9 წელი,3 წელი,Back End Developer,C++,C#,.NET,არ მაქვს account,Both (Full time + Part Time),Remote  - Local Projects და Remote  - International Projects,ქართული და ინგლისური,ფინანსები,საქართველო,20k-25k,დიდი ბრიტანეთი,კი,100-160,15k-20k,3-3.5,დავამთავრე -  bachelor,ორივე,Windows,საქართველოში,მალე წამოვიდეს არაპერსპექტიული სამსახურებიდან,
1/5/2024 13:09:44,მამრობითი,27-29,4-6 წელი,3 წელი,Full Stack Developer,C++,არც ერთს,არც ერთს,არ მაქვს account,Full Time,Remote  - Local Projects,ქართული,ფინანსები,საქართველო,7k-10k,საქართველო,კი,40-100,10k-15k,3-3.5,ვსწავლობ/dropout -  bachelor,ლეპტოპი,Windows,ა.შ.შ-ში,სწავლას მიუდგეს მეტი მონდომებით და სიბეჯითით… ,
1/5/2024 13:39:46,მამრობითი,24-26,4-6 წელი,1 წელი - 18 თვე,Front End Developer,C++,TypeScript,Svelte,0-10,Full Time,Office - Local Projects,ქართული,ინფორმაციული ტექნოლოგიები,საქართველო,10k-15k,საქართველო,არა,160-200,15k-20k,1.5-2,დავამთავრე -  bachelor,ლეპტოპი,Macos,ესტონეთში,,
1/5/2024 13:57:45,მამრობითი,30-34,9-12 წელი,1 წელი - 18 თვე,Full Stack Developer,C++,TypeScript,React,0-10,Both (Full time + Part Time),Remote  - International Projects,ინგლისური,eCommerce,პოლონეთი,20k-25k,პოლონეთი,კი,160-200,10k-15k,3.8-3.9,დავამთავრე - master,ლეპტოპი,Macos,ა.შ.შ-ში,,
1/5/2024 14:14:33,მამრობითი,21-23,4-6 წელი,18 თვე - 2 წელი,Front End Developer,C,TypeScript,Angular,,Both (Full time + Part Time),Remote  - Local Projects,ქართული,ინფორმაციული ტექნოლოგიები,საქართველო,6k-7k,საქართველო,კი,160-240,7k-10k,2-2.5,,ლეპტოპი,Windows,საქართველოში,,
1/5/2024 14:35:07,მამრობითი,24-26,1-2 წელი,6 თვე - 1 წელი,Back End Developer,C#,C#,.NET Core,10-20,,Office -  International Projects,ინგლისური,ლოჯისტიკა,საქართველო,3k-4k,ლიეტვუა,კი,100-160,4k-5k,2-2.5,ვსწავლობ/dropout -  bachelor,ლეპტოპი,Windows,ა.შ.შ-ში,,
1/5/2024 14:35:18,მამრობითი,27-29,4-6 წელი,18 თვე - 2 წელი,Back End Developer,C,Python,fastapi,10-20,Full Time,Remote  - International Projects,ინგლისური,ინფორმაციული ტექნოლოგიები,საქართველო,10k-15k,ისრაელი,კი,160-200,15k-20k,2.5-3,ვსწავლობ/dropout -  bachelor,ლეპტოპი,Linux,საქართველოში,არ შეწყვიტო რაც არ უნდა მოხდეს,
1/5/2024 14:45:25,მამრობითი,21-23,1-2 წელი,1 წელი - 18 თვე,Data Engineer,Python,"Python, Sql",არც ერთს,0-10,Full Time,Hybrid,ქართული,ფინანსები,საქართველო,2k-3k,საქართველო,არა,160-200,4k-5k,3.5-3.7,ვსწავლობ/dropout -  bachelor,ლეპტოპი,Windows,ესტონეთში,,
1/5/2024 14:45:40,მამრობითი,18-20,0-1 წელი,18 თვე - 2 წელი,Data Analyst,C,Python,Pandas,,Full Time,Remote  - International Projects,ინგლისური,ინფორმაციული ტექნოლოგიები,საქართველო,2k-3k,ბრიტანეთი,კი,100-160,3k-4k,3-3.5,ვსწავლობ/dropout -  bachelor,ლეპტოპი,Windows,,მალე უნდა დაიწყო job hunting,
1/5/2024 15:14:14,მამრობითი,24-26,2-4 წელი,0-3 თვე,Front End Developer,C++ & Javascript,TypeScript,React,0-10,Full Time,Remote  - International Projects,ინგლისური,ინფორმაციული ტექნოლოგიები,საქართველო,7k-10k,საქართველო,კი,160-240,7k-10k,2-2.5,დავამთავრე - master,ლეპტოპი,Macos,საქართველოში,,
1/5/2024 15:46:22,მამრობითი,27-29,6-9 წელი,3 წელი,Back End Developer,C++,C#,.NET,არ მაქვს account,Full Time,Office - Local Projects,ინგლისური,გემბლინგი,ავსტრია,10k-15k,ავსტრია,კი,0-40,10k-15k,3.8-3.9,დავამთავრე -  bachelor,Desktop კომპიუტერი,Windows,,,
1/5/2024 15:50:49,მდედრობითი,24-26,1-2 წელი,1 წელი - 18 თვე,Back End Developer,C#,C#,.NET,არ მაქვს account,Full Time,Office - Local Projects,ქართული,გემბლინგი,საქართველო,2k-3k,საქართველო,კი,160-200,3k-4k,3.7-3.8,დავამთავრე -  bachelor,Desktop კომპიუტერი,Windows,ესტონეთში,,
1/5/2024 15:52:00,მამრობითი,21-23,1-2 წელი,1 წელი - 18 თვე,Back End Developer,C#,C#,.NET,0-10,Full Time,Remote  - International Projects,ინგლისური,ინფორმაციული ტექნოლოგიები,საქართველო,7k-10k,ამერიკის შეერთებული შტატები,არა,100-160,15k-20k,3-3.5,დავამთავრე -  bachelor,ლეპტოპი,Windows,პოლონეთში,,
1/5/2024 16:37:33,მამრობითი,21-23,1-2 წელი,3 წელი,Back End Developer,Java,Java,არც ერთს,არ მაქვს account,Full Time,Remote  - International Projects,ინგლისური,ფინანსები,საქართველო,5k-6k,საქართველო,არა,160-200,7k-10k,2.5-3,დავამთავრე -  bachelor,ლეპტოპი,Windows,ა.შ.შ-ში,მუშაობის უფრო ადრე დაწყებას,
1/5/2024 16:42:29,მამრობითი,21-23,2-4 წელი,1 წელი - 18 თვე,Back End Developer,Python,C#,.NET Core,0-10,Full Time,Office -  International Projects,ინგლისური,ფინანსები,საქართველო,7k-10k,საქართველო,კი,100-160,7k-10k,2-2.5,დავამთავრე -  bachelor,ლეპტოპი,Windows,ა.შ.შ-ში,,
1/5/2024 16:48:38,მდედრობითი,21-23,1-2 წელი,4-6 თვე,Front End Developer,Python,Javascript,Angular,არ მაქვს account,არ ვარ დასაქმებული,Remote  - Local Projects,ქართული,ინფორმაციული ტექნოლოგიები,საქართველო,5k-6k,საქართველო,კი,160-200,6k-7k,drop out,ვსწავლობ/dropout -  bachelor,ლეპტოპი,Windows,საქართველოში,                               ,                                                                                             
1/5/2024 16:51:19,მამრობითი,30-34,9-12 წელი,1 წელი - 18 თვე,Back End Developer,Java,Java,Spring,0-10,Full Time,Remote  - International Projects,ინგლისური,ინფორმაციული ტექნოლოგიები,საქართველო,15k-20k,შვეიცარია,კი,160-200,25k-30k,1-1.5,დავამთავრე -  bachelor,ლეპტოპი,Macos,საქართველოში,,
1/5/2024 16:53:37,მამრობითი,21-23,2-4 წელი,4-6 თვე,Mobile Apps Developer,C++,Swift,არც ერთს,,Both (Full time + Part Time),Office - Local Projects,Both,ინფორმაციული ტექნოლოგიები,საქართველო,10k-15k,საქართველო,კი,400+,10k-15k,Dropped out,ვსწავლობ/dropout -  bachelor,ლეპტოპი,Macos,საქართველოში,,
1/5/2024 16:54:55,მამრობითი,30-34,6-9 წელი,6 თვე - 1 წელი,System Administrator,Python,Python,არც ერთს,არ მაქვს account,Both (Full time + Part Time),remote international/ local,ინგლისური,ინფორმაციული ტექნოლოგიები,საქართველო,7k-10k,ამერიკის შეერთებული შტატები,კი,40-100,10k-15k,1-1.5,დავამთავრე -  bachelor,ლეპტოპი,Macos,ა.შ.შ-ში,"ისწაცლე პროგრამირება/ საიბერ სექიურითი ჰიდენ ჯემია, კადრები არაა პლუს მცოდნეები არაა დიდი ხელფასის შოვნა შეიძლება",
1/5/2024 17:24:16,მამრობითი,27-29,4-6 წელი,0-3 თვე,Business Analyst,SQL,არც ერთს,არც ერთს,არ მაქვს account,Both (Full time + Part Time),Remote  - International Projects,ინგლისური,ინფორმაციული ტექნოლოგიები,საქართველო,15k-20k,კანადა,კი,160-200,15k-20k,3-3.5,დავამთავრე - master,ლეპტოპი,Windows,ა.შ.შ-ში,,
1/5/2024 17:49:40,მამრობითი,30-34,6-9 წელი,3 წელი,Back End Developer,Java,TypeScript,"Express, Nest",არ მაქვს account,Full Time,Remote  - International Projects,ინგლისური,ინფორმაციული ტექნოლოგიები,საქართველო,30k-40k,ამერიკის შეერთებული შტატები,კი,160-200,30k-50k,3-3.5,დავამთავრე -  bachelor,ლეპტოპი,Macos,ა.შ.შ-ში,რაც შეიძლება მალე ამერიკაში წასვლას 😂😂,ნო აიდია
1/5/2024 17:57:17,მდედრობითი,27-29,4-6 წელი,4-6 თვე,Front End Developer,Javascript,TypeScript,Angular,0-10,Full Time,Office - Local Projects,ქართული,სადაზღვევო სფერო,საქართველო,4k-5k,საქართველო,კი,160-200,6k-7k,0-0.5,ვსწავლობ/dropout -  bachelor,Desktop კომპიუტერი,Windows,საქართველოში,,
1/5/2024 18:37:50,მამრობითი,21-23,1-2 წელი,6 თვე - 1 წელი,Mobile Apps Developer,Python,Swift,UIKit,0-10,Full Time,Remote  - Local Projects,ქართული,ფინანსები,საქართველო,2k-3k,საქართველო,კი,100-160,3k-4k,2.5-3,ვსწავლობ/dropout -  bachelor,ლეპტოპი,Macos,გერმანიაში,მეტი გამბედაობა,
1/5/2024 19:10:14,მამრობითი,50+,25+,6 თვე - 1 წელი,Full Stack Developer,C,C#,.NET Core,0-10,Full Time,Office - Local Projects,ქართული,ფინანსები,საქართველო,10k-15k,საქართველო,კი,40-100,15k-20k,მაშინ არ იყო,დავამთავრე - master,ლეპტოპი,Windows,საქართველოში,,
1/5/2024 19:29:42,მდედრობითი,40-44,9-12 წელი,0-3 თვე,Business Analyst,არ ვფლობ პროგრამირებას,არც ერთს,არც ერთს,არ მაქვს account,Full Time,Remote  - Local Projects,ქართული,ფინანსები,საქართველო,10k-15k,საქართველო,კი,160-200,15k-20k,3.9-3.99,დავამთავრე - master,ლეპტოპი,Windows,საქართველოში,მეტი ამბიცია,
1/5/2024 20:19:16,მდედრობითი,24-26,2-4 წელი,18 თვე - 2 წელი,QA Engineer,Python,SQL,არც ერთს,არ მაქვს account,,Remote  - International Projects,ინგლისური,ინფორმაციული ტექნოლოგიები,საქართველო,5k-6k,ბრიტანეთი,კი,160-200,6k-7k,3.5-3.7,დავამთავრე -  bachelor,ლეპტოპი,Windows,გერმანიაში,,
1/5/2024 20:19:47,მამრობითი,21-23,2-4 წელი,6 თვე - 1 წელი,Front End Developer,C++,Javascript,Vue,0-10,Full Time,Office - Local Projects,ქართული,გემბლინგი,საქართველო,3k-4k,საქართველო,არა,240-300,5k-6k,2.5-3,ვსწავლობ/dropout - master,Desktop კომპიუტერი,Linux,ა.შ.შ-ში,მალევე სტაჟირება დამეწყო,რამდენად ხშირად ხდება თქვენს სამსახურში ანსზღაურების მატება და რის საფუძველზე
1/5/2024 20:37:40,მდედრობითი,24-26,4-6 წელი,3 წელი,Back End Developer,C++,Java,არც ერთს,0-10,Full Time,Office -  International Projects,ინგლისური,ინფორმაციული ტექნოლოგიები,პოლონეთი,7k-10k,პოლონეთი,არა,160-240,10k-15k,3.5-3.7,დავამთავრე -  bachelor,ლეპტოპი,Linux,საქართველოში,,
1/5/2024 22:04:14,მამრობითი,21-23,1-2 წელი,1 წელი - 18 თვე,Full Stack Developer,Pascal,TypeScript,React,0-10,Full Time,Office - Local Projects,ქართული,ინფორმაციული ტექნოლოგიები,საქართველო,4k-5k,საქართველო,კი,160-200,4k-5k,1.5-2,ვსწავლობ/dropout -  bachelor,ლეპტოპი,Macos,ა.შ.შ-ში,,
1/5/2024 22:20:22,მდედრობითი,24-26,4-6 წელი,1 წელი - 18 თვე,QA Engineer,C++,Java,Maven,არ მაქვს account,Full Time,Remote  - Local Projects,ქართული,ფინანსები,საქართველო,7k-10k,საქართველო,კი,0-40,10k-15k,3.7-3.8,დავამთავრე - master,ლეპტოპი,Windows,საქართველოში,Goo girl goo,
1/6/2024 4:36:54,მამრობითი,18-20,0-1 წელი,6 თვე - 1 წელი,Back End Developer,C++,Scala,არც ერთს,0-10,Co-op internship ,Hybrid - 2 days office 3 days remote,ინგლისური,Booking,Thailand ,1500-1999,Thailand ,კი,100-160,3k-4k,3-3.5,ვსწავლობ/dropout -  bachelor,ლეპტოპი,Windows,პოლონეთში,სამუშაო გამოცდილების რაც შეიძლება მალე მიღება,
1/6/2024 5:23:07,მამრობითი,27-29,1-2 წელი,0-3 თვე,QA Engineer,SQL,არც ერთს,არც ერთს,არ მაქვს account,Full Time,Office - Local Projects,ქართული,სუპერმარკეტების ქსელი,საქართველო,2k-3k,საქართველო,არა,160-200,3k-4k, არ მისწავლია,მხოლოდ სკოლა,ლეპტოპი,Windows,ესტონეთში,ონლაინ ლექციების ბოლოს არ ᲩამოგეᲫინოს,საᲨუალოდ რამდენ ხანᲨი ერᲗხელ იცვლიᲗ სამსახურს
1/6/2024 11:25:47,მამრობითი,35-39,9-12 წელი,6 თვე - 1 წელი,Full Stack Developer,C#,C#,.NET Core,არ მაქვს account,Both (Full time + Part Time),Remote  - International Projects,ინგლისური,სადაზღვევო სფერო,საქართველო,20k-25k,ამერიკის შეერთებული შტატები,კი,40-100,30k-50k,არ იყო ჩემ დროს ეგა,დავამთავრე -  bachelor,both,Windows,ა.შ.შ-ში,,
1/6/2024 15:31:21,მდედრობითი,21-23,2-4 წელი,1 წელი - 18 თვე,Front End Developer,C,TypeScript,Angular,0-10,,Remote  - International Projects,ინგლისური,ინფორმაციული ტექნოლოგიები,საქართველო,7k-10k,ამერიკის შეერთებული შტატები,კი,160-200,7k-10k,3.5-3.7,დავამთავრე -  bachelor,ლეპტოპი,Windows,ა.შ.შ-ში,,
1/6/2024 16:54:30,მამრობითი,50+,20-25 წელი,3 წელი,,,არც ერთს,არც ერთს,არ მაქვს account,Full Time,Office - Local Projects,ინგლისური,გემბლინგი,საქართველო,10k-15k,საქართველო,კი,160-240,15k-20k,3-3.5,დავამთავრე -  PHD,ლეპტოპი,Windows,საქართველოში,,
1/6/2024 18:52:22,მდედრობითი,30-34,2-4 წელი,1 წელი - 18 თვე,Full Stack Developer,PHP,Javascript,React,არ მაქვს account,Part Time,Office - Local Projects,ქართული,ინფორმაციული ტექნოლოგიები,საქართველო,3k-4k,საქართველო,კი,160-240,4k-5k,3-3.5,დავამთავრე კოლეჯი,ლეპტოპი,Macos,გერმანიაში,უფრო მეტ ჩართულობას,რამდენად მოგწონთ ის რასაც აკეთებთ და რას გააუმჯობესებდით თქვენი წინსვლისთვის
1/6/2024 20:09:56,მამრობითი,30-34,4-6 წელი,6 თვე - 1 წელი,Back End Developer,Ruby,Ruby,Rails,არ მახსოვს,Full Time,Office -  International Projects,ინგლისური,რუკები და ნავიგაცია,ნიდერლანდები,10k-15k,ნიდერლანდები,კი,0-40,10k-15k,3.5-3.7,დავამთავრე - master,Desktop კომპიუტერი,Linux,საქართველოში,,
1/7/2024 0:58:00,მდედრობითი,21-23,0-1 წელი,6 თვე - 1 წელი,QA Engineer,Javascript,არც ერთს,არც ერთს,0-10,,Office - Local Projects,ინგლისური,ინფორმაციული ტექნოლოგიები,საქართველო,2k-3k,საქართველო,არა,160-240,3k-4k,3.5-3.7,ვსწავლობ/dropout -  bachelor,ლეპტოპი,Windows,საქართველოში,არ გავიჭედო ტუტოროალების ფაზაში. არამედ ყოველდღე ჩემი ახალი ცოდნა პროექტში გამოვიყენო,დასაქმებული ხართ თუ არა იმ სფეროში რაზეც უნიში სწავლობდით
1/7/2024 8:17:27,მამრობითი,18-20,1-2 წელი,1 წელი - 18 თვე,Back End Developer,Java,Python,არც ერთს,0-10,Full Time,Remote  - International Projects,ინგლისური,ინფორმაციული ტექნოლოგიები,საქართველო,1500-1999,საქართველო,არა,0-40,2k-3k,2.5-3,ვსწავლობ/dropout -  bachelor,ლეპტოპი,Linux,ა.შ.შ-ში,,
1/7/2024 10:18:13,მამრობითი,24-26,4-6 წელი,18 თვე - 2 წელი,Back End Developer,PHP,PHP,Drupal,0-10,Full Time,Remote  - International Projects,ინგლისური,,საქართველო,10k-15k,იტალია,კი,160-200,15k-20k,2.5-3,დავამთავრე -  bachelor,ლეპტოპი,Macos,საქართველოში,,
1/7/2024 13:21:47,მამრობითი,24-26,2-4 წელი,6 თვე - 1 წელი,Mobile Apps Developer,Javascript,TypeScript,React,0-10,Both full time,Local and international projects,ინგლისური,ინფორმაციული ტექნოლოგიები,საქართველო,7k-10k,Belarus,კი,100-160,15k-20k,3.5-3.7,დავამთავრე -  bachelor,Mac,Macos,გერმანიაში,Learn basics,
1/7/2024 14:11:45,მამრობითი,21-23,1-2 წელი,4-6 თვე,Business Analyst,Python,SQL,არც ერთს,არ მაქვს account,არ ვარ დასაქმებული,Office - Local Projects,ქართული,ფინანსები,საქართველო,1000-1499,საქართველო,კი,100-160,2k-3k,2-2.5,დავამთავრე -  bachelor,ლეპტოპი,Windows,საქართველოში,მუდმივი პროგრესი. თუ რამეს შეწყვიტავ ყველაფერს თავიდან იწყებ და წლებით უკან მიდიხარ. რაც უფრო სტაგნაციაში ხარ უფრო მეტად გასწრებს სამუშაო ბაზარი განვითარებაში.,
1/7/2024 14:16:18,მამრობითი,30-34,2-4 წელი,6 თვე - 1 წელი,Full Stack Developer,Javascript,Javascript,React,0-10,Full Time,Remote  - International Projects,ინგლისური,სამედიცინო სფერო,საქართველო,1000-1499,გერმანია,არა,100-160,3k-4k,1-1.5,დავამთავრე -  bachelor,ლეპტოპი,Linux,პოლონეთში,"მეტი დროის დახარჯვას პრაქტიკულ ასპექტზე, ნაკლები ტუტორიალები",
1/7/2024 17:40:08,მამრობითი,30-34,6-9 წელი,18 თვე - 2 წელი,Front End Developer,Adobe action script,TypeScript,Vue,,Full Time,Office - Local Projects,ინგლისური,WebGL Gaming,Germany,10k-15k,გერმანია,კი,,15k-20k,,დავამთავრე -  bachelor,ლეპტოპი,Macos,,,
1/7/2024 17:41:05,მამრობითი,21-23,0-1 წელი,4 წელი,Full Stack Developer,Python,Java,Java EE,0-10,არ ვარ დასაქმებული,Office - Local Projects,ქართული,ინფორმაციული ტექნოლოგიები,საქართველო,1500-1999,საქართველო,არა,160-200,2k-3k,2.5-3,ვსწავლობ/dropout -  bachelor,ლეპტოპი,Windows,საქართველოში,,
1/7/2024 17:58:05,მამრობითი,24-26,6-9 წელი,0-3 თვე,Full Stack Developer,C,Javascript,არც ერთს,0-10,Both (Full time + Part Time),Remote  - International Projects,ინგლისური,ინფორმაციული ტექნოლოგიები,საქართველო,25k-30k,ამერიკის შეერთებული შტატები,კი,160-200,50k-70k,3.7-3.8,ვსწავლობ/dropout - PHD,ლეპტოპი,Macos,საქართველოში,,
1/7/2024 19:29:23,მამრობითი,24-26,4-6 წელი,18 თვე - 2 წელი,Full Stack Developer,Java,C#,.NET Core,0-10,Both (Full time + Part Time),"Hybrid, both local and international",ინგლისური,,საქართველო,15k-20k,საქართველო,კი,240-300,15k-20k,3.8-3.9,დავამთავრე -  bachelor,ლეპტოპი,Windows,საქართველოში,,
1/7/2024 20:25:11,მამრობითი,21-23,1-2 წელი,18 თვე - 2 წელი,Back End Developer,Python,Ruby,Rails,,Full Time,Office - Local Projects,ქართული,სამედიცინო სფერო,საქართველო,4k-5k,საქართველო,,0-40,4k-5k,2.5-3,ვსწავლობ/dropout -  bachelor,Desktop კომპიუტერი,Linux,ა.შ.შ-ში,,
1/7/2024 23:33:02,მამრობითი,30-34,9-12 წელი,0-3 თვე,Software Engineer,C,C/C++,არც ერთს,100-500,Part Time,Remote  - International Projects,ინგლისური,ინფორმაციული ტექნოლოგიები,საქართველო,15k-20k,ამერიკის შეერთებული შტატები,კი,160-200,25k-30k,3.8-3.9,დავამთავრე - master,ორივე,Linux,საქართველოში,ტემპი არ დააგდო," Full Stack, Front End და Back End დეველოპერების გარდა არსებობს კიდევ მილიონობით დეველოპერი რომელიც web-ზე საეთოდ არ წერს. "
1/7/2024 23:33:20,მამრობითი,21-23,0-1 წელი,6 თვე - 1 წელი,Support Specialist,Python,არც ერთს,არც ერთს,0-10,Part Time,Office - Local Projects,ქართული,ინფორმაციული ტექნოლოგიები,საქართველო,0-299,საქართველო,არა,40-100,1000-1500,3-3.5,ვსწავლობ/dropout - master,Desktop კომპიუტერი,Windows,ა.შ.შ-ში,,
1/8/2024 3:00:11,მამრობითი,35-39,15-20 წელი,0-3 თვე,Full Stack Developer,PHP,Javascript,Angular,0-10,Both (Full time + Part Time),Office - Local Projects,ქართული,ფინანსები,საქართველო,15k-20k,საქართველო,კი,240-300,15k-20k,,დავამთავრე კოლეჯი,ლეპტოპი,Macos,ა.შ.შ-ში,,
1/8/2024 6:19:40,მამრობითი,18-20,2-4 წელი,4-6 წელი,Full Stack Developer,C++,C#,.NET Core,0-10,Full Time,Remote  - International Projects,ინგლისური,oil and gas,საქართველო,10k-15k,გაერთიანებული სამეფო,კი,100-160,10k-15k,1.5-2,ვსწავლობ/dropout -  bachelor,ლეპტოპი,Windows,ა.შ.შ-ში,სამსახურის ძებნის უფრო მალე დაწყებას და სენიორებისთვის თავიდანვე რჩევების კითხვას სწორი წიგნების შესარჩევად,როგორ იყენებთ AIს მუშაობის პროცესში
1/8/2024 13:43:16,მდედრობითი,27-29,6-9 წელი,0-3 თვე,Product Owner,C++,არც ერთს,არც ერთს,არ მაქვს account,Full Time,Remote  - International Projects,ინგლისური,გემბლინგი,საქართველო,7k-10k,საქართველო,კი,160-200,10k-15k,4,დავამთავრე - master,ლეპტოპი,Macos,ა.შ.შ-ში,,
1/8/2024 14:03:10,მამრობითი,27-29,0-1 წელი,1 წელი - 18 თვე,Front End Developer,Javascript,Javascript,React,0-10,არ ვარ დასაქმებული,არ ვარ დასაქმებული,არ ვარ დასაქმებული,არ ვარ დასაქმებული,საქართველო,0-299,არ ვარ დასაქმებული,არ ვარ დასაქმებული,160-200,1000-1500,2-2.5,დავამთავრე -  bachelor,ლეპტოპი,Windows,ა.შ.შ-ში,პოზიტიურ აზროვნებას,ინგლისური იცი თუ არა
1/8/2024 16:40:23,მამრობითი,21-23,1-2 წელი,6 თვე - 1 წელი,Front End Developer,C++,TypeScript,Angular,0-10,Full Time,Office - Local Projects,ქართული,ფინანსები,საქართველო,3k-4k,საქართველო,კი,40-100,5k-6k,,მხოლოდ სკოლა,Desktop კომპიუტერი,Windows,ა.შ.შ-ში,,
1/8/2024 20:44:42,მამრობითი,27-29,6-9 წელი,3 წელი,Data Engineer,Java,Python,Palantir Foundry,არ მაქვს account,Full Time,Remote  - International Projects,ინგლისური,ინფორმაციული ტექნოლოგიები,საქართველო,7k-10k,საქართველო,,40-100,15k-20k,3-3.5,დავამთავრე -  bachelor,ლეპტოპი,Windows,საქართველოში,,
1/8/2024 22:44:00,მდედრობითი,30-34,4-6 წელი,4 წელი,QA Engineer,SQL,SQL,არც ერთს,არ მაქვს account,Full Time,Office - Local Projects,ქართული,ფინანსები,საქართველო,2k-3k,საქართველო,არა,160-240,4k-5k,3.5-3.7,დავამთავრე -  bachelor,Desktop კომპიუტერი,Windows,საქართველოში,,
1/8/2024 23:20:42,მამრობითი,24-26,2-4 წელი,3 წელი,Support Specialist,C++,არც ერთს,არც ერთს,არ მაქვს account,Full Time,Office - Local Projects,ინგლისური,აუთსორსინგი,საქართველო,3k-4k,საქართველო,არა,160-200,4k-5k,3.7-3.8,ვსწავლობ/dropout - master,ლეპტოპი,Macos,საქართველოში,არ იზარმაცო,
1/9/2024 0:42:57,მამრობითი,24-26,6-9 წელი,3 წელი,Back End Developer,PHP,Go,Echo,არ მაქვს public პროექტი 💔,Full Time,Office -  International Projects,ქართული,გემბლინგი,საქართველო,10k-15k,საქართველო,კი,160-200,20k-25k,1.5-2,დავამთავრე -  bachelor,ლეპტოპი,Macos,გერმანიაში,,
1/9/2024 1:32:58,მამრობითი,35-39,6-9 წელი,1 წელი - 18 თვე,Full Stack Developer,C#,C#,.NET Core,10-20,Full Time,Remote  - International Projects,ინგლისური,ინფორმაციული ტექნოლოგიები,საქართველო,50k+,გერმანია,კი,100-160,15k-20k,,დავამთავრე -  bachelor,ლეპტოპი,Macos,ესტონეთში,,
1/9/2024 10:23:39,მამრობითი,50+,25+,0-3 თვე,Manager,C,არც ერთს,არც ერთს,არ მაქვს account,Both (Full time + Part Time),Office - Local Projects,ინგლისური,Donor,საქართველო,10k-15k,საქართველო,კი,160-240,20k-25k,,დავამთავრე - master,ლეპტოპი,Windows,საქართველოში,,
1/9/2024 14:18:06,მამრობითი,24-26,1-2 წელი,18 თვე - 2 წელი,Front End Developer,Javascript,TypeScript,Angular,0-10,Full Time,Remote  - International Projects,ინგლისური,სამედიცინო სფერო,საქართველო,3k-4k,საქართველო,კი,100-160,4k-5k,0.5-1,დავამთავრე კოლეჯი,ლეპტოპი,Windows,ა.შ.შ-ში,"არ გაჩერდე, ყველაფერი გამოვა",
1/9/2024 22:14:16,მამრობითი,35-39,12-15 წელი,0-3 თვე,Back End Developer,Java,Java,Spring,0-10,Both (Full time + Part Time),Remote  - International Projects,ინგლისური,ინფორმაციული ტექნოლოგიები,საქართველო,25k-30k,ამერიკის შეერთებული შტატები,კი,100-160,,,დავამთავრე - master,Desktop კომპიუტერი,Windows,საქართველოში,,
1/10/2024 10:02:00,მამრობითი,21-23,1-2 წელი,4-6 თვე,Back End Developer,Java,C#,.NET Core,არ მაქვს account,Full Time,Remote  - Local Projects,ქართული,ფინანსები,საქართველო,4k-5k,საქართველო,კი,160-200,7k-10k,3.5-3.7,დავამთავრე -  bachelor,Desktop კომპიუტერი,Windows,საქართველოში,,
1/11/2024 12:12:29,მამრობითი,21-23,0-1 წელი,3 წელი,Full Stack Developer,Javascript,ABAP,SAP,,,Hybrid,ინგლისური,ინფორმაციული ტექნოლოგიები,საქართველო,2k-3k,საქართველო,კი,160-240,5k-6k,2.5-3,ვსწავლობ/dropout -  bachelor,Desktop კომპიუტერი,Windows,ა.შ.შ-ში,,
1/11/2024 15:20:38,მდედრობითი,21-23,0-1 წელი,6 თვე - 1 წელი,Front End Developer,Javascript,Javascript,Angular,0-10,Full Time,Office -  International Projects,ინგლისური,,საქართველო,1000-1499,საქართველო,არა,160-200,2k-3k,,დავამთავრე კოლეჯი,ლეპტოპი,Windows,ა.შ.შ-ში,არ ვისწავლიდი,რას ურჩევდით დამსაქმებელს…
1/14/2024 15:40:13,მამრობითი,30-34,6-9 წელი,6 თვე - 1 წელი,Full Stack Developer,Javascript,PHP,Laravel,არ მაქვს account,Both (Full time + Part Time),Remote  - Local Projects,ქართული,ფინანსები,საქართველო,7k-10k,საქართველო,კი,240-300,7k-10k,არც ვსწავლობ და არც დამთავრებული არ მაქვს,მხოლოდ სკოლა,Desktop კომპიუტერი,Windows,საქართველოში,უფრო მეტი მონდომებით მესწავლა და უფრო მალე ამეთვისებინა ყველაფერი.,"""თვლით თუ არა რომ ყველას შეუძლია გახდეს პროგრამისტი?"""
1/14/2024 18:06:18,მამრობითი,30-34,4-6 წელი,6 თვე - 1 წელი,Full Stack Developer,Pascal,PHP,Laravel,0-10,Full Time,Remote  - International Projects,ინგლისური,ინფორმაციული ტექნოლოგიები,საქართველო,2k-3k,ამერიკის შეერთებული შტატები,არა,0-40,3k-4k,3-3.5,დავამთავრე - master,ლეპტოპი,Macos,გერმანიაში,,
1/14/2024 18:10:18,მამრობითი,30-34,0-1 წელი,6 თვე - 1 წელი,Data Scientist,C,Python,არც ერთს,0-10,Full Time,Office - Local Projects,ქართული,ფინანსები,საქართველო,2k-3k,საქართველო,არა,240-300,2k-3k,3-3.5,დავამთავრე -  PHD,ლეპტოპი,Windows,საქართველოში,,
1/14/2024 18:12:12,მამრობითი,35-39,15-20 წელი,6 თვე - 1 წელი,Network Administrator,,არც ერთს,არც ერთს,არ მაქვს account,Full Time,Office - Local Projects,ქართული,ინფორმაციული ტექნოლოგიები,საქართველო,5k-6k,საქართველო,კი,160-240,10k-15k,n/a,დავამთავრე -  bachelor,ლეპტოპი,Macos,საქართველოში,,
1/14/2024 19:02:58,მდედრობითი,30-34,4-6 წელი,1 წელი - 18 თვე,Full Stack Developer,C++,TypeScript,Nest.js,0-10,Full Time,Remote  - International Projects,ინგლისური,ინფორმაციული ტექნოლოგიები,საქართველო,3k-4k,,არა,160-200,6k-7k,3.5-3.7,დავამთავრე -  bachelor,ლეპტოპი,Windows,გერმანიაში,"იგივეს, რასაც Anthony Alicea - Don't imitate, understand.",
1/14/2024 19:23:11,მამრობითი,21-23,2-4 წელი,6 თვე - 1 წელი,Data Scientist,Python,Python,არც ერთს,0-10,Part Time,Office - Local Projects,ქართული,ფინანსები,საქართველო,6k-7k,საქართველო,კი,160-240,10k-15k,3-3.5,დავამთავრე -  bachelor,Desktop კომპიუტერი,Windows,ა.შ.შ-ში,,
1/14/2024 19:31:33,მდედრობითი,24-26,1-2 წელი,6 თვე - 1 წელი,Front End Developer,Javascript,TypeScript,Angular,0-10,Full Time,Office - Local Projects,ქართული,სამთავრობო ორგანიზაცია,საქართველო,2k-3k,საქართველო,კი,160-240,3k-4k,3-3.5,დავამთავრე -  bachelor,ლეპტოპი,Windows,ა.შ.შ-ში,"არ დანებდე და არ შეგეშინდეს სირთულეების, საუკეთესო წინ არის! დამარცხება არ არის კატასტროფა",ყველაფერი მაწყობს 
1/14/2024 19:38:54,მდედრობითი,30-34,არ მაქვს,2022 წლიდან ვერ ვიწყებ მუშაობას,Front End Developer,"Html, css, js, react,  node",Javascript,React,,არ ვარ დასაქმებული,,ქართული,,საქართველო,,,,100-160,0-300,3.9-3.99,დავამთავრე -  bachelor,ლეპტოპი,Windows,საქართველოში,იგივეს რაც გავიარე,
1/14/2024 19:41:34,მამრობითი,30-34,9-12 წელი,0-3 თვე,Back End Developer,Python,Python,Django,არ მაქვს account,Both (Full time + Part Time),Remote  - International Projects,ინგლისური,განათლება,საქართველო,15k-20k,ესპანეთი,კი,160-240,15k-20k,3.5-3.7,ვსწავლობ/dropout - PHD,ლეპტოპი,Macos,საქართველოში,მეტი,
1/14/2024 19:43:15,მამრობითი,21-23,2-4 წელი,18 თვე - 2 წელი,Full Stack Developer,C++,TypeScript,React,0-10,Full Time,Remote  - International Projects,ინგლისური,ინფორმაციული ტექნოლოგიები,საქართველო,1500-1999,საქართველო,კი,0-40,4k-5k,2.5-3,ვსწავლობ/dropout - master,Desktop კომპიუტერი,Windows,საქართველოში,,
1/14/2024 21:40:34,მამრობითი,27-29,2-4 წელი,6 თვე - 1 წელი,Support Specialist,PHP,არც ერთს,არც ერთს,არ მაქვს account,Part Time,Remote  - International Projects,ინგლისური,ინფორმაციული ტექნოლოგიები,საქართველო,4k-5k,ამერიკის შეერთებული შტატები,არა,0-40,5k-6k,2.5-3,დავამთავრე -  bachelor,ლეპტოპი,Windows,საქართველოში,Html css პროგრამირების ენები არაა,
1/15/2024 0:23:44,მდედრობითი,24-26,4-6 წელი,18 თვე - 2 წელი,Data Engineer,SQL,SQL,არც ერთს,0-10,Full Time,Remote  - International Projects,ინგლისური,ინფორმაციული ტექნოლოგიები,საქართველო,25k-30k,ამერიკის შეერთებული შტატები,კი,100-160,25k-30k,3-3.5,დავამთავრე -  bachelor,ლეპტოპი,Macos,ა.შ.შ-ში,,
1/15/2024 0:28:33,მამრობითი,24-26,2-4 წელი,0-3 თვე,Front End Developer,C++,TypeScript,Angular,0-10,არ ვარ დასაქმებული,Office - Local Projects,ქართული,გემბლინგი,საქართველო,6k-7k,საქართველო,კი,100-160,7k-10k,3-3.5,ვსწავლობ/dropout - master,ლეპტოპი,Windows,ა.შ.შ-ში,სადაც არა სჯობს გაცლა ჯობს😄,
1/15/2024 0:53:56,მამრობითი,27-29,6-9 წელი,18 თვე - 2 წელი,Full Stack Developer,PHP,C#,.NET Core,0-10,Full Time,Hybrid local projects,ქართული,სამთავრობო ორგანიზაცია,საქართველო,7k-10k,საქართველო,არა,300-400,10k-15k,1.5-2,დავამთავრე -  bachelor,Desktop კომპიუტერი,Windows,ა.შ.შ-ში,,
1/15/2024 1:49:26,მდედრობითი,27-29,0-1 წელი,1 წელი - 18 თვე,Front End Developer,Javascript,Javascript,React,0-10,Full Time,Remote  - Local Projects,ქართული,ინფორმაციული ტექნოლოგიები,საქართველო,1000-1499,საქართველო,კი,160-240,500-1000,3.8-3.9,დავამთავრე - master,ლეპტოპი,Windows,ა.შ.შ-ში,ახლა რომ ვიწყებდე პროფესიის არჩევას პროგრამირებას ავირჩევდი და უნივერსიტეტში არ ჩავაბარებდი. ,
1/15/2024 9:21:00,მამრობითი,24-26,2-4 წელი,6 თვე - 1 წელი,Back End Developer,Javascript,C#,.NET Core,0-10,Both (Full time + Part Time),Remote  - Local Projects,ინგლისური,ფინანსები,საქართველო,5k-6k,საქართველო,კი,100-160,4k-5k,1-1.5,დავამთავრე -  bachelor,ლეპტოპი,Windows,ა.შ.შ-ში,,
1/15/2024 11:36:30,მდედრობითი,27-29,1-2 წელი,6 თვე - 1 წელი,Back End Developer,C#,C#,.NET Core,არ მაქვს account,Full Time,Office - Local Projects,ქართული,ინფორმაციული ტექნოლოგიები,საქართველო,1500-1999,საქართველო,არა,160-200,3k-4k,2.5-3,დავამთავრე -  bachelor,Desktop კომპიუტერი,Windows,ა.შ.შ-ში,,
1/15/2024 15:03:10,მამრობითი,18-20,0-1 წელი,6 თვე - 1 წელი,Full Stack Developer,Javascript,TypeScript,React,100-500,Both (Full time + Part Time),Remote  - International Projects,ინგლისური,ინფორმაციული ტექნოლოგიები,საქართველო,3k-4k,საფრანგეთი,კი,160-200,4k-5k,0-0.5,დავამთავრე კოლეჯი,ლეპტოპი,Linux,ა.შ.შ-ში,სერჩვის სწავლას დრო დაუთმე.,
1/15/2024 15:14:42,მამრობითი,24-26,1-2 წელი,6 თვე - 1 წელი,Full Stack Developer,Javascript,TypeScript,React,0-10,Full Time,Remote  - International Projects,ინგლისური,გემბლინგი,საქართველო,3k-4k,ლატვია,კი,100-160,4k-5k,,ვსწავლობ/dropout -  bachelor,Desktop კომპიუტერი,Windows,ა.შ.შ-ში,,
1/15/2024 17:27:51,მამრობითი,21-23,1-2 წელი,3 წელი,QA Engineer,Python,Java,selenium/selenide,0-10,Full Time,Office - Local Projects,ქართული,ფინანსები,საქართველო,2k-3k,საქართველო,არა,160-240,3k-4k,2-2.5,ვსწავლობ/dropout -  bachelor,ლეპტოპი,Windows,საქართველოში,გამომემუშავებინა დისციპლინა და გამეკეთებინა პროექტები ,
1/16/2024 2:39:50,მამრობითი,21-23,1-2 წელი,4-6 თვე,smart contract security researcher,C++,solidity,foundry,100-500,Full Time,Remote  - International Projects,ინგლისური,ინფორმაციული ტექნოლოგიები,საქართველო,30k-40k,ამერიკის შეერთებული შტატები,კი,160-200,30k-50k,1.5-2,ვსწავლობ/dropout -  bachelor,Desktop კომპიუტერი,Windows,,,
1/16/2024 9:56:49,მამრობითი,24-26,2-4 წელი,6 თვე - 1 წელი,Full Stack Developer,Javascript,Javascript,nest,,Full Time,Remote  - International Projects,ინგლისური,,საქართველო,7k-10k,კანადა,კი,100-160,10k-15k,,დავამთავრე -  bachelor,ლეპტოპი,Macos,ა.შ.შ-ში,,
1/16/2024 11:25:27,მამრობითი,21-23,0-1 წელი,4-6 თვე,Back End Developer,Python,C#,.NET Core,0-10,Full Time,Remote  - Local Projects,ქართული,ფინანსები,საქართველო,1000-1499,საქართველო,კი,160-200,3k-4k,3-3.5,ვსწავლობ/dropout - master,ლეპტოპი,Windows,საქართველოში,,
1/17/2024 11:33:01,მამრობითი,35-39,12-15 წელი,4-6 წელი,Support Specialist,C,არც ერთს,არც ერთს,არ მაქვს account,Full Time,Office - Local Projects,ქართული,ინფორმაციული ტექნოლოგიები,საქართველო,1500-1999,საქართველო,არა,160-200,3k-4k,0.5-1,დავამთავრე -  bachelor,Desktop კომპიუტერი,Windows,ა.შ.შ-ში,არ შეწყვიტო განვითარება და წინსვლა,
1/17/2024 21:22:26,მამრობითი,21-23,1-2 წელი,1 წელი - 18 თვე,Full Stack Developer,C++,TypeScript,Angular,0-10,Full Time,Remote  - International Projects,ქართული,სამედიცინო სფერო,საქართველო,5k-6k,ამერიკის შეერთებული შტატები,კი,160-240,4k-5k,2.5-3,ვსწავლობ/dropout - master,ლეპტოპი,Linux,ა.შ.შ-ში,,
1/17/2024 21:24:56,მამრობითი,27-29,4-6 წელი,18 თვე - 2 წელი,Back End Developer,C++,PHP,Laravel,20-50,Full Time,Remote  - International Projects,ინგლისური,Gaming,საქართველო,15k-20k,გერმანია,კი,100-160,50k-70k,,დავამთავრე -  bachelor,ლეპტოპი,Macos,საქართველოში,Online,
1/17/2024 21:31:52,მამრობითი,27-29,არ მაქვს,მიჭირს სამსახურის პოვნა,Front End Developer,Javascript,Javascript,React,0-10,არ ვარ დასაქმებული,.,.,,საქართველო,,,,,,,,,,,,
1/17/2024 21:33:33,მდედრობითი,30-34,2-4 წელი,6 თვე - 1 წელი,Front End Developer,C++,Javascript,Svelte,0-10,Part Time,Remote  - International Projects,ინგლისური,ფინანსები,საქართველო,7k-10k,UK,კი,40-100,7k-10k,3.9-3.99,დავამთავრე - master,ლეპტოპი,Macos,საქართველოში,მეტი დრო დამეთმო ამ პროფესიისთვის,
1/17/2024 21:37:22,მამრობითი,27-29,1-2 წელი,1 წელი - 18 თვე,Front End Developer,Javascript,Javascript,React,არ მაქვს account,in between jobs,Remote  - Local Projects,ქართული,blockchain,საქართველო,2k-3k,საქართველო,,160-200,2k-3k,ტექ სფეროს არ ვსწავლობდი უნიში,ვსწავლობ/dropout -  bachelor,ლეპტოპი,Windows,საქართველოში,დეველოპმენტის ეხლა სწავლას აზრი არ აქვს,
1/17/2024 21:41:54,მამრობითი,24-26,4-6 წელი,0-3 თვე,QA Engineer,Groovy,Javascript,WDIO,Don’t Have Public Repository ,Full Time,Remote  - International Projects,ინგლისური,ფინანსები,საქართველო,10k-15k,საფრანგეთი,კი,300-400,15k-20k,1.5-2,დავამთავრე -  bachelor,ლეპტოპი,Windows,ა.შ.შ-ში,დეველოპმენტში უნდა გადავსულიყავი როცა შანსი მქონდა ,-
1/17/2024 21:49:16,მამრობითი,35-39,2-4 წელი,3 წელი,Back End Developer,C#,Javascript,NestJS,არ მაქვს account,Full Time,Remote  - International Projects,ინგლისური,Travel,საქართველო,2k-3k,უკრაინა,არა,160-200,5k-6k,არ მაქვს პასუხი,დავამთავრე - master,Desktop კომპიუტერი,Linux,ა.შ.შ-ში,Full stack ის მიმართულებით სწავლა განვითარებას,დისტანციური მუშაობის შემთხვევაში რომელ ქვეყანაში მუშაობთ
1/17/2024 22:12:51,მდედრობითი,24-26,2-4 წელი,1 წელი - 18 თვე,Front End Developer,Javascript,TypeScript,Next js,,Full Time,Remote  - International Projects,ინგლისური,,საქართველო,20k-25k,,კი,160-200,,2.5-3,ვსწავლობ/dropout -  bachelor,ლეპტოპი,Macos,,არ დანებდე,
1/17/2024 22:30:12,მამრობითი,30-34,6-9 წელი,4 წელი,Full Stack Developer,C++,C#,.NET Core,0-10,Both (Full time + Part Time),Office - Local Projects,ქართული,ფინანსები,საქართველო,10k-15k,საქართველო,კი,160-240,10k-15k,3.7-3.8,დავამთავრე - master,Desktop კომპიუტერი,Windows,საქართველოში,,
1/17/2024 22:41:23,მამრობითი,21-23,2-4 წელი,6 თვე - 1 წელი,Full Stack Developer,Javascript,Javascript,Angular,0-10,Full Time,Remote  - Local Projects,ქართული,სამთავრობო ორგანიზაცია,საქართველო,1500-1999,ამერიკის შეერთებული შტატები,კი,0-40,4k-5k,dropout,მხოლოდ სკოლა,Desktop კომპიუტერი,Linux,ა.შ.შ-ში,Front-ი არ ისწავლო :დ,იდკ
1/17/2024 22:43:39,მამრობითი,27-29,4-6 წელი,3 წელი,Full Stack Developer,C,C#,.NET,არ მაქვს account,Both (Full time + Part Time),Office - Local Projects,ქართული,სადაზღვევო სფერო,საქართველო,6k-7k,საქართველო,კი,160-200,7k-10k,3.8-3.9,დავამთავრე -  bachelor,ლეპტოპი,Macos,გერმანიაში,ნუ ზარმაცობ,"როგორ ფიქრობთ, რამდენად არის თქვენი მენტალური ჯანმრთელობა კარგ მდგომარეობაში"
1/18/2024 6:22:55,მამრობითი,27-29,4-6 წელი,3 წელი,Full Stack Developer,C++,C#,.NET Core,0-10,Both (Full time + Part Time),Remote  - International Projects,ინგლისური,გემბლინგი,საქართველო,40k-50k,ბრიტანეთი,კი,240-300,50k-70k,3-3.5,ვსწავლობ/dropout -  bachelor,ლეპტოპი,Windows,ა.შ.შ-ში,,
1/18/2024 10:15:32,მამრობითი,30-34,9-12 წელი,6 თვე - 1 წელი,DevOps Engineer,Python,Python,არც ერთს,არ მაქვს account,Both (Full time + Part Time),Remote  - International Projects,ინგლისური,ინფორმაციული ტექნოლოგიები,საქართველო,7k-10k,ამერიკის შეერთებული შტატები,კი,0-40,10k-15k,1.5-2,დავამთავრე -  bachelor,ლეპტოპი,Macos,,"მეტი პრაქტიკა, დაიწყე მცირედით, ნუ იქნები პერფექციონისტი",
1/18/2024 18:14:35,მამრობითი,27-29,9-12 წელი,1 წელი - 18 თვე,Back End Developer,C#,SQL,არც ერთს,1000-3000,Full Time,Office - Local Projects,ქართული,ფინანსები,საქართველო,10k-15k,საქართველო,კი,160-200,15k-20k,2-2.5,ვსწავლობ/dropout - master,Desktop კომპიუტერი,Windows,საქართველოში,,
1/19/2024 13:42:35,მამრობითი,24-26,4-6 წელი,1 წელი - 18 თვე,Full Stack Developer,C++,PHP,არც ერთს,არ მაქვს account,Full Time,Remote  - International Projects,ინგლისური,ინფორმაციული ტექნოლოგიები,საქართველო,4k-5k,ისრაელი,ნეიტრალური,40-100,5k-6k,3-3.5,დავამთავრე -  bachelor,ლეპტოპი,Windows,საქართველოში,ყოველთვის გამოდი კომფორტის ზონიდან,
1/21/2024 23:44:33,მამრობითი,35-39,15-20 წელი,0-3 თვე,Full Stack Developer,Turbo Pascal,TypeScript,Angular,არ ვუყურებ Star-ებს,Full Time,Remote  - International Projects,ქართული,ბლოკჩეინი,საქართველო,50k+,ამერიკის შეერთებული შტატები,არა,0-40,50k-70k,არ დამიმთავრებია,ვსწავლობ/dropout -  bachelor,ლეპტოპი,Macos,საქართველოში,არაფერს,
1/23/2024 20:34:05,მამრობითი,27-29,2-4 წელი,4-6 თვე,Data Scientist,Python,Python,არც ერთს,0-10,Full Time,Remote  - International Projects,ინგლისური,ინფორმაციული ტექნოლოგიები,საქართველო,7k-10k,საქართველო,კი,100-160,10k-15k,3.5-3.7,დავამთავრე - master,ლეპტოპი,Macos,საქართველოში,,
1/24/2024 12:59:10,მამრობითი,30-34,9-12 წელი,6 თვე - 1 წელი,Data Engineer ,SQL,SQL,არც ერთს,0-10,Both (Full time + Part Time),Office -  International Projects,ინგლისური,ინფორმაციული ტექნოლოგიები,ესტონეთი,10k-15k,ესტონეთი,კი,160-200,10k-15k,2-2.5,დავამთავრე - master,ლეპტოპი,Macos,ესტონეთში,,
1/24/2024 16:03:14,მდედრობითი,18-20,0-1 წელი,6 თვე - 1 წელი,Data Scientist,Python,Python,არც ერთს,არ მაქვს account,Full Time,Office - Local Projects,ქართული,სადაზღვევო სფერო,საქართველო,500-999,საქართველო,არა,100-160,1500-2000,3-3.5,ვსწავლობ/dropout -  bachelor,ლეპტოპი,Windows,საქართველოში,"მეტი ყურადღება იმის მიმართ, რასაც ვსწავლობ",
1/25/2024 11:33:56,მამრობითი,30-34,9-12 წელი,3 წელი,Back End Developer,C,C#,.NET Core,,Full Time,Remote  - Local Projects,ქართული,ფინანსები,საქართველო,7k-10k,საქართველო,კი,160-200,10k-15k,3-3.5,დავამთავრე -  bachelor,Desktop კომპიუტერი,Windows,საქართველოში,,
2/5/2024 18:56:43,მამრობითი,27-29,1-2 წელი,4-6 თვე,Full Stack Developer,Javascript,Javascript,React,,Full Time,Remote  - International Projects,ინგლისური,ინფორმაციული ტექნოლოგიები,საქართველო,1500-1999,საქართველო,არა,160-200,3k-4k,3-3.5,ვსწავლობ/dropout - master,ლეპტოპი,Linux,საქართველოში,,
2/9/2024 1:23:50,მამრობითი,30-34,12-15 წელი,1 წელი - 18 თვე,Full Stack Developer,C#,TypeScript,React,0-10,Full Time,Remote  - International Projects,ინგლისური,,საქართველო,10k-15k,გაერთიანებული სამეფო,კი,40-100,15k-20k,არ მახსოვს,დავამთავრე - master,ლეპტოპი,Windows,საქართველოში,ვისაც გასაუბრება უფრო ეხერხება ხშირად მეტი შემოსავალი აქვს ვიდრე მას ვისაც კოდის წერა უფრო ეხერხება,
3/2/2024 0:30:40,მამრობითი,21-23,4-6 წელი,1 წელი - 18 თვე,,C,Rust,არც ერთს,0-10,Full Time,Remote  - International Projects,ინგლისური,ინფორმაციული ტექნოლოგიები,,50k+,ამერიკის შეერთებული შტატები,კი,100-160,50k-70k,3.8-3.9,ვსწავლობ/dropout - master,Desktop კომპიუტერი,Linux,,,
3/2/2024 3:59:47,მამრობითი,24-26,1-2 წელი,6 თვე - 1 წელი,Front End Developer,Javascript,TypeScript,React,10-20,Full Time,Remote  - Local Projects,ქართული,ფინანსები,საქართველო,3k-4k,საქართველო,კი,100-160,5k-6k,,მხოლოდ სკოლა,ლეპტოპი,Windows,გერმანიაში,ბექის სწავლა დამეწყო ფრონტის მაგივრად,
3/4/2024 10:44:18,მამრობითი,21-23,1-2 წელი,18 თვე - 2 წელი,Full Stack Developer,C++,Typescript & PHP,Laravel,0-10,Full Time,Remote  - International Projects,ინგლისური,,საქართველო,500-999,საქართველო,კი,160-200,1500-2000,3-3.5,დავამთავრე -  bachelor,ლეპტოპი,Linux,საქართველოში,Focus on fundamentals,
3/18/2024 16:04:39,მამრობითი,21-23,2-4 წელი,6 თვე - 1 წელი,Back End Developer,C++,C#,.NET Core,,Full Time,Remote  - Local Projects,ქართული,ფინანსები,საქართველო,5k-6k,,,,,2.5-3,ვსწავლობ/dropout -  bachelor,ლეპტოპი,Windows,,,
3/20/2024 11:17:16,მამრობითი,27-29,4-6 წელი,6-9 წელი,Full Stack Developer,C,C#,.NET,0-10,Full Time,Office - Local Projects,ქართული,ინფორმაციული ტექნოლოგიები,საქართველო,3k-4k,საქართველო,არა,160-200,6k-7k,3.7-3.8,დავამთავრე - master,ლეპტოპი,Windows,საქართველოში,"მუშაობის დაწყებას რაც შეიძლება მალე, თუნდაც დაბალანაზღაურებად როლზეც უნივერსიტეტში სწავლის ღირებულ დროზეც თუნდაც",freelancer-ები რომელ პლატფორმებს იყენებენ დასაქმებისთვის.Upwork თუ სხვას?
4/13/2024 2:26:01,მდედრობითი,15-17,არ მაქვს,არ ვმუშაობ,Mobile Apps Developer,Georgia ,არც ერთს,არც ერთს,არ მაქვს account,არ ვარ დასაქმებული,Remote  - Local Projects,ქართული,,საქართველო,0-299,საქართველო,კი,40-100,0-300,4,მხოლოდ სკოლა,ტელეფონი ,ტელეფონი ,საქართველოში,იმას რომ ვიყო წარმატებული და მივაღწიო წარმატებას და ვეცადო რომ კარგად ვიმუშავო რათა კარგი თანამშრომელი ვიყო და მიზნებს მივაღწიო,Idk
4/13/2024 2:28:00,მდედრობითი,15-17,არ მაქვს,არ ვმუშაობ,Mobile Apps Developer,C,არც ერთს,არც ერთს,არ მაქვს account,არ ვარ დასაქმებული,Remote  - Local Projects,ქართული,ფინანსები,საქართველო,0-299,საქართველო,კი,40-100,0-300,4,მხოლოდ სკოლა,ტელეფონი ,ტელეფონი ,საქართველოში,,
4/25/2024 21:28:20,მამრობითი,18-20,0-1 წელი,6 თვე - 1 წელი,Mobile Apps Developer,Javascript,Swift,UIKit/SwiftUI,0-10,Full Time,Office - Local Projects,ქართული,ფინანსები,საქართველო,1000-1499,საქართველო,კი,160-200,1000-1500,0.5-1,ვსწავლობ/dropout -  bachelor,ლეპტოპი,Macos,ა.შ.შ-ში,,
6/21/2024 20:10:12,მდედრობითი,15-17,არ მაქვს,არ ვმუშაობ,Mobile Apps Developer,C,არც ერთს,არც ერთს,არ მაქვს account,არ ვარ დასაქმებული,Remote  - International Projects,ქართული,ფინანსები,საქართველო,500-999,საქართველო,კი,0-40,500-1000,0-0.5,მხოლოდ სკოლა,ტელეფონი ,Pixel ,საქართველოში,Vurchevdi imas rom dasaxul mizantan axlos aris da nu dakargavs amas,
6/21/2024 20:11:03,,,,,,,,,,,,,,,,,,,,,,,,,,
6/21/2024 20:12:08,,,,,,,,,,,,,,,,,,,,,,,,,,
6/24/2024 13:29:07,მამრობითი,30-34,6-9 წელი,1 წელი - 18 თვე,DevOps Engineer,C#,C#,.NET,0-10,Full Time,Office - Local Projects,ქართული,არასამთავრობო ორგანიზაცია,საქართველო,3k-4k,საქართველო,კი,0-40,4k-5k,2-2.5,დავამთავრე -  bachelor,ლეპტოპი,Linux,საქართველოში,,
7/11/2024 14:51:43,მამრობითი,30-34,9-12 წელი,18 თვე - 2 წელი,Full Stack Developer,C,TypeScript,React,0-10,Full Time,Office - Local Projects,ქართული,ინფორმაციული ტექნოლოგიები,საქართველო,10k-15k,საქართველო,კი,100-160,15k-20k,1.5-2,დავამთავრე -  bachelor,ლეპტოპი,Macos,ა.შ.შ-ში,"უნივერსიტეტის იმედი არაფერში არ გქონდეს, ჩართე კომპიუტერი, გახსენი გუგლი, დაიწყე სერჩი და გაეცანი ყველაფერს, იკითხე ბევრი სტატია და სხვა ინჟინრის გამოცდილება გაიზიარე, აკეთე რაც შეიძლება მეტი სავარჯიშო, მოიფიქრე სახალისო პროექტები და აკეთე, აკეთე, აკეთე : ) დღეში 3-5 საათი ისწავლე, შაბათ კვირას დაისვენე, იმაზე მეტს მიაღწევ ვიდრე უნივერსიტეტი მოგცემს <3 ",
8/21/2024 23:56:52,მდედრობითი,21-23,2-4 წელი,6 თვე - 1 წელი,Front End Developer,C++,TypeScript,Angular,0-10,Both (Full time + Part Time),Remote  - Local Projects,ქართული,ინფორმაციული ტექნოლოგიები,საქართველო,7k-10k,საქართველო,კი,40-100,7k-10k,2-2.5,დავამთავრე -  bachelor,ლეპტოპი,Windows,საქართველოში,.,.
9/6/2024 14:02:53,მდედრობითი,35-39,4-6 წელი,0-3 თვე,Business Analyst,,,,არ მაქვს account,Full Time,Remote  - International Projects,ინგლისური,ინფორმაციული ტექნოლოგიები,საქართველო,6k-7k,ამერიკის შეერთებული შტატები,კი,240-300,7k-10k,,დავამთავრე -  bachelor,ლეპტოპი,Windows,ა.შ.შ-ში,,
11/13/2024 16:48:11,მამრობითი,30-34,6-9 წელი,1 წელი - 18 თვე,Database Developer,SQL,SQL,არც ერთს,არ მაქვს account,Full Time,Office - Local Projects,ქართული,გემბლინგი,საქართველო,7k-10k,საქართველო,კი,240-300,7k-10k,1-1.5,დავამთავრე -  bachelor,ლეპტოპი,Windows,საქართველოში,არაფერს,